รหัสสินค้า,ชื่อสินค้า,หมวดหมู่,URL หน้าสินค้า,รูปหลัก (ไฟล์),alt ที่ควรใส่,จำนวนตัวอักษร
2,หินอ่อนขาวเทาลายเมฆ (Clouldy White Marble) CWM ขนาด30*30cm,หินอ่อนภายในประเทศ,https://www.xn--q3ca6cja3bzj.com/product/2/,7d/3w/yd.jpg,แผ่นหินอ่อนขาวเทาลายเมฆ Cloudy White Marble ผิวขัดมัน ลายเมฆสีเทาบนพื้นขาว ขนาด 30x30 ซม. ตั้งโชว์,98
3,หินอ่อนชมพูทับกวาง Tubkwang Marble (TKM),หินอ่อนภายในประเทศ,https://www.xn--q3ca6cja3bzj.com/product/3/,3m/um/n7.jpg,แผ่นหินอ่อนชมพูทับกวาง Tubkwang Marble ผิวขัดมัน สีชมพูอมส้ม ตั้งโชว์เต็มแผ่น,77
5,หินอ่อน ไวท์วารากัส white volakas marble (WVM) ขนาดสั่งตัด,หินอ่อนต่างประเทศ,https://www.xn--q3ca6cja3bzj.com/product/5/,lq/6r/5x.jpg,สแลปหินอ่อนไวท์วอลาคัส White Volakas สีขาวลายเทา ตั้งเรียงคู่ในโกดัง พร้อมสั่งตัดตามขนาด,88
6,หินอ่อนดำพระลาน Phalan Balack (HPB),หินอ่อนภายในประเทศ,https://www.xn--q3ca6cja3bzj.com/product/6/,zi/ob/1i.jpg,สแลปหินอ่อนดำพระลาน Phalan Black แผ่นใหญ่สีดำ ตั้งในโกดังหินของสยามสโตน,71
7,หินอ่อน ไวท์คาราร่า white carrara marble (WCM),หินอ่อนต่างประเทศ,https://www.xn--q3ca6cja3bzj.com/product/7/,pm/iz/jo.jpg,สแลปหินอ่อนไวท์คาราร่า White Carrara สีขาวลายเทาอ่อน แผ่นใหญ่พิงผนังในโกดัง,75
8,Slate Stone หินจิ๊กซอ Galaxy Black หินดำกาแล็กซี่ ปูผนัง (SSM),หินอ่อนตกแต่ง,https://www.xn--q3ca6cja3bzj.com/product/8/,4h/n7/29.jpg,ผนังหินจิ๊กซอ Slate Stone Galaxy Black เรียงแบบก่อซ้อน เทียบสีดำกับสีขาวข้างกัน,79
9,หินอ่อน เขียวอิตาลี Green Italian Marble (GIM),หินอ่อนต่างประเทศ,https://www.xn--q3ca6cja3bzj.com/product/9/,nj/qp/ge.jpg,ผิวหินอ่อนเขียวอิตาลี Green Italian Marble สีเขียวเข้มลายเส้นขาว ระยะใกล้,73
10,หินอ่อน แบล็คมาคิวน่า BLACK MARQUINA Marble (BMM),หินอ่อนต่างประเทศ,https://www.xn--q3ca6cja3bzj.com/product/10/,a6/z2/c9.jpg,สแลปหินอ่อนแบล็คมาคีน่า Black Marquina สีดำลายเส้นขาว แผ่นใหญ่ในโกดัง,69
17,หินแกรนิต ดำจีน China Black granite (CBG),หินแกรนิต,https://www.xn--q3ca6cja3bzj.com/product/17/,52/zt/hr.jpg,ท็อปครัวหินแกรนิตดำจีน China Black ผิวขัดมัน ในครัวบิลท์อินสีขาว,64
18,หินแกรนิตดำอินเดีย (G20) Indian Black Granite (IBG),หินแกรนิต,https://www.xn--q3ca6cja3bzj.com/product/18/,tf/cz/k3.jpg,แผ่นหินแกรนิตดำอินเดีย G20 Indian Black ผิวขัดมัน วางซ้อนสองแผ่น,64
19,หินแกรนิต แดงอินเดีย Indian Red Granite (IRG),หินแกรนิต,https://www.xn--q3ca6cja3bzj.com/product/19/,de/mq/ca.jpg,ผิวหินแกรนิตแดงอินเดีย Indian Red สีแดงจุดดำ ระยะใกล้,53
20,หินอ่อน ขาวหิมาลัย Himalayan White Marble (HWM) 30*60เซนติเมตร,หินอ่อนต่างประเทศ,https://www.xn--q3ca6cja3bzj.com/product/20/,lu/6u/pq.jpg,หินอ่อนขาวหิมาลัย Himalayan White Marble ขนาด 30x60 ซม. พร้อมภาพงานปูพื้นรอบสระว่ายน้ำ,86
21,หินแกรนิตขาวไข่มุก White Pearl Granite (WPG) พ่นทราย,หินแกรนิต,https://www.xn--q3ca6cja3bzj.com/product/21/,8d/i9/xq.jpg,ผิวหินแกรนิตขาวไข่มุก White Pearl Granite แบบพ่นทราย สีเทาอ่อนจุดละเอียด ระยะใกล้,81
22,หินแกรนิตขาวไข่มุก White Pearl Granite (WPG) พื้นผิว พ่นไฟปั่นแปรง,หินแกรนิต,https://www.xn--q3ca6cja3bzj.com/product/22/,6p/94/6v.jpg,พื้นปูหินแกรนิตขาวไข่มุกผิวพ่นไฟ เรียงสลับแนวอิฐ ร่องยาแนวสีเข้ม,64
23,cobble stone หินขาวไข่มุก พ่นไฟ White Pearl Granite,หินแกรนิต,https://www.xn--q3ca6cja3bzj.com/product/23/,2o/3r/fr.jpg,งานปูคอบเบิลสโตนหินขาวไข่มุกผิวพ่นไฟ ระหว่างเจียรตกแต่งหน้างาน,62
24,หินปูสระว่ายน้ำ ขนาด10*10CM หินอ่อนขาวเทาลายเมฆ (PWS),หินอ่อน หินปูสระว่ายน้ำ,https://www.xn--q3ca6cja3bzj.com/product/24/,ml/j6/d1.jpg,ขอบสระว่ายน้ำปูหินอ่อนขาวเทาลายเมฆ ขนาด 10x10 ซม. ติดน้ำสีฟ้าเทอร์ควอยซ์,72
25,หินแกรนิตขาววินเซนต์ Vincent White Granite (VG) พื้นผิว พ่นไฟ 30x60เซนติเมตร,หินแกรนิต,https://www.xn--q3ca6cja3bzj.com/product/25/,xs/6c/pk.jpg,ผิวหินแกรนิตขาววินเซนต์ Vincent White ผิวพ่นไฟ ลายคลื่นสีเทา ระยะใกล้,69
26,หินศิลาแลง ศิลาแลงกำแพงเพชร ขนาด 20x40 เซนติเมตร,หินศิลาแลง,https://www.xn--q3ca6cja3bzj.com/product/26/,t7/th/si.jpg,ป้ายราคาหินศิลาแลงกำแพงเพชร ขนาด 20x40 ซม. พร้อมตารางขนาดและราคา,64
27,หินศิลาแลง ศิลาแลงกำแพงเพชร ขนาด 40x40 เซนติเมตร,หินศิลาแลง,https://www.xn--q3ca6cja3bzj.com/product/27/,io/gn/oy.jpg,กองหินศิลาแลงกำแพงเพชร ขนาด 40x40 ซม. สีส้มอิฐ เรียงซ้อนที่บ่อหิน,65
28,หินศิลาแลง ศิลาแลงกำแพงเพชร ขนาด 30x30 เซนติเมตร,หินศิลาแลง,https://www.xn--q3ca6cja3bzj.com/product/28/,io/gn/oy.jpg,กองหินศิลาแลงกำแพงเพชร ขนาด 30x30 ซม. สีส้มอิฐ เรียงซ้อนที่บ่อหิน,65
29,หินศิลาแลง ศิลาแลงกำแพงเพชร ขนาด 50x50 เซนติเมตร,หินศิลาแลง,https://www.xn--q3ca6cja3bzj.com/product/29/,t7/th/si.jpg,ป้ายราคาหินศิลาแลงกำแพงเพชร ขนาด 50x50 ซม. พร้อมตารางขนาดและราคา,64
30,หินตกแต่ง หินจิ๊กซอ slate stone milky white,หินอ่อนตกแต่ง,https://www.xn--q3ca6cja3bzj.com/product/30/,ua/jq/as.jpg,ผนังหินจิ๊กซอ Slate Stone สีขาวมิลกี้ไวท์ เรียงก่อซ้อนเต็มผนัง,62
31,หินตกแต่ง หินจิ๊กซอ slate stone,หินอ่อนตกแต่ง,https://www.xn--q3ca6cja3bzj.com/product/31/,28/q9/hd.jpg,ผนังหินจิ๊กซอ Slate Stone สีดำ เรียงก่อซ้อนเต็มผนัง,51
32,หินตกแต่ง หินจิ๊กซอ slate stone Galaxy black,หินอ่อนตกแต่ง,https://www.xn--q3ca6cja3bzj.com/product/32/,6y/1e/wy.jpg,ตัวอย่างงานตกแต่งภายในด้วยหินจิ๊กซอ Slate Stone Galaxy Black และหินอ่อนขาว,74
33,หญ้าเทียม ยาว 2ซม. (20มิลลิเมตร) ทนแดด ทนฝน ราคาถูกที่สุด,หญ้าเทียม,https://www.xn--q3ca6cja3bzj.com/product/33/,em/ku/4c.jpg,ตารางสเปกหญ้าเทียมความสูงขน 2 ซม. หน้ากว้าง 2 เมตร พร้อมราคาตามความยาว,70
34,หญ้าเทียม ยาว 3ซม. (30มิลลิเมตร) ทนแดด ทนฝน ราคาถูกที่สุด,หญ้าเทียม,https://www.xn--q3ca6cja3bzj.com/product/34/,74/u5/rr.jpg,สนามหญ้าเทียมความสูงขน 3 ซม. ปูเต็มพื้นที่ ขอบกรวดสีเหลืองและรั้วไม้,68
35,หญ้าเทียม ยาว 3.5ซม. (35มิลลิเมตร) ทนแดด ทนฝน ราคาถูกที่สุด,หญ้าเทียม,https://www.xn--q3ca6cja3bzj.com/product/35/,e2/vz/jp.jpg,สวนบ้านปูหญ้าเทียมความสูงขน 3.5 ซม. คู่กับพื้นไม้และไม้พุ่มตัดแต่ง,66
36,หญ้าเทียม ยาว 4ซม. (40มิลลิเมตร) ทนแดด ทนฝน ราคาถูกที่สุด,หญ้าเทียม,https://www.xn--q3ca6cja3bzj.com/product/36/,la/lr/xc.jpg,สนามหญ้าเทียมความสูงขน 4 ซม. ปูเต็มพื้นที่ ล้อมขอบไม้และทางเดินหิน,66
37,หินอ่อน สโนว์ไวท์ บล็อค แกะสลัก ราคาต่อ1คิวบิกเมตร,หินบล็อกแกะสลัก,https://www.xn--q3ca6cja3bzj.com/product/37/,vc/xy/fj.jpg,บล็อกหินอ่อนสโนว์ไวท์ก้อนใหญ่สีขาว สำหรับงานแกะสลัก วางกลางแจ้ง,63
38,หินอ่อน เขียวอินเดีย บล็อค แกะสลัก ราคาต่อ1คิวบิกเมตร,หินบล็อกแกะสลัก,https://www.xn--q3ca6cja3bzj.com/product/38/,qv/m8/uh.jpg,บล็อกหินอ่อนเขียวอินเดียขนาด 260x172 ซม. สีเขียวเข้ม สำหรับงานแกะสลัก,69
39,ลูกกรงหินอ่อน ขาว ขนาดสูง60 เซนติเมตร,งานกลึงหินอ่อน ลูกกรงหินอ่อน,https://www.xn--q3ca6cja3bzj.com/product/39/,gs/ig/bs.jpg,ราวระเบียงลูกกรงหินอ่อนสีขาว สูง 60 ซม. ติดตั้งกลางแจ้ง,55
40,ลูกกรงหินอ่อน ขาว ขนาดสูง70 เซนติเมตร,งานกลึงหินอ่อน ลูกกรงหินอ่อน,https://www.xn--q3ca6cja3bzj.com/product/40/,iq/a4/xn.jpg,ราวกันตกลูกกรงหินอ่อนสีขาว สูง 70 ซม. ระหว่างติดตั้งหน้างาน,59
41,ลูกกรงหินอ่อน ขาว ขนาดสูง65 เซนติเมตร,งานกลึงหินอ่อน ลูกกรงหินอ่อน,https://www.xn--q3ca6cja3bzj.com/product/41/,wl/k6/dt.jpg,ราวบันไดลูกกรงหินอ่อนสีขาว สูง 65 ซม. ติดตั้งบนขั้นบันไดกลางแจ้ง,64
42,ลูกกรงหินอ่อน เขียวอิตาลี ขนาดสูง65 เซนติเมตร,งานกลึงหินอ่อน ลูกกรงหินอ่อน,https://www.xn--q3ca6cja3bzj.com/product/42/,gd/0g/4h.jpg,ลูกกรงหินอ่อนเขียวอิตาลีกลึงลาย สูง 65 ซม. ตั้งเดี่ยวในโรงงาน,61
43,ลูกกรงหินอ่อน ส้มฟลอเรนซ์ ขนาดสูง65 เซนติเมตร,งานกลึงหินอ่อน ลูกกรงหินอ่อน,https://www.xn--q3ca6cja3bzj.com/product/43/,to/86/9t.jpg,ราวบันไดโค้งลูกกรงหินอ่อนสีส้มฟลอเรนซ์ สูง 65 ซม. พร้อมหัวเสาแกะสลัก,68
44,เสาโชว์เหลี่ยม ขนาด สูง 80 เซนติเมตร หินอ่อนไวท์คาราร่า,งานประกอบหินอ่อน,https://www.xn--q3ca6cja3bzj.com/product/44/,gs/mb/m2.jpg,เสาโชว์หินอ่อนไวท์คาราร่าทรงเหลี่ยม สูง 80 ซม. ตั้งภายในอาคาร,61
45,เสาโชว์เหลี่ยม ขนาด สูง 100 เซนติเมตร หินอ่อนไวท์คาราร่า,งานประกอบหินอ่อน,https://www.xn--q3ca6cja3bzj.com/product/45/,gs/mb/m2.jpg,เสาโชว์หินอ่อนไวท์คาราร่าทรงเหลี่ยม สูง 100 ซม. ตั้งภายในอาคาร,62
46,เสาโชว์เหลี่ยม ขนาด สูง 120 เซนติเมตร หินอ่อนเขียวอิตาลี,งานประกอบหินอ่อน,https://www.xn--q3ca6cja3bzj.com/product/46/,gh/2r/4z.jpg,เสาโชว์หินอ่อนเขียวอิตาลีทรงเหลี่ยม สูง 120 ซม. ตั้งคู่ภายในอาคาร,65
47,เสาโชว์เหลี่ยม ขนาด สูง 100 เซนติเมตร หินอ่อนเขียวอิตาลี,งานประกอบหินอ่อน,https://www.xn--q3ca6cja3bzj.com/product/47/,rn/s4/cl.jpg,เสาโชว์หินอ่อนเขียวอิตาลีทรงเหลี่ยม สูง 100 ซม. ใช้ตั้งองค์พระ,62
48,เสาโชว์เหลี่ยม ขนาด สูง 80 เซนติเมตร หินอ่อนเขียวอิตาลี,งานประกอบหินอ่อน,https://www.xn--q3ca6cja3bzj.com/product/48/,rn/s4/cl.jpg,เสาโชว์หินอ่อนเขียวอิตาลีทรงเหลี่ยม สูง 80 ซม. ใช้ตั้งองค์พระ,61
49,หินกรวดแต่งสวน สีขาว หินอ่อน ขนาด เล็ก S,หินตกแต่งสวน หินแต่งสวน,https://www.xn--q3ca6cja3bzj.com/product/49/,z3/xy/jj.jpg,หินกรวดแต่งสวนสีขาว ขนาดเล็ก S เม็ดหินอ่อนบดสีขาว,49
52,หินกรวดแต่งสวน สีขาว หินอ่อน ขนาด กลาง M (ราคาต่อกิโลกรัม),หินตกแต่งสวน หินแต่งสวน,https://www.xn--q3ca6cja3bzj.com/product/52/,ls/2t/51.jpg,หินกรวดแต่งสวนสีขาว ขนาดกลาง M เม็ดกลมมนผิวเรียบ ขายเป็นกิโลกรัม,64
53,หินกรวดแต่งสวน สีขาว หินอ่อน ขนาด ใหญ่ XL,หินตกแต่งสวน หินแต่งสวน,https://www.xn--q3ca6cja3bzj.com/product/53/,ls/2t/51.jpg,หินกรวดแต่งสวนสีขาว ขนาดใหญ่ XL เม็ดกลมมนผิวเรียบ,49
54,หินปูสระว่ายน้ำ ขนาด10*10CM หินอ่อนปูสระว่ายน้ำบลูแซนด์ (PBS),หินอ่อน หินปูสระว่ายน้ำ,https://www.xn--q3ca6cja3bzj.com/product/54/,lk/fx/5z.jpg,บ้านพร้อมสระว่ายน้ำปูหินอ่อนบูแซนด์ ขนาด 10x10 ซม. ถ่ายช่วงพลบค่ำ,65
55,หินปูสระว่ายน้ำ ขนาด20*20CM หินอ่อนขาวเทาลายเมฆ (PWS),หินอ่อน หินปูสระว่ายน้ำ,https://www.xn--q3ca6cja3bzj.com/product/55/,e7/xf/bg.jpg,สระว่ายน้ำปูหินอ่อนขาวเทาลายเมฆ ขนาด 20x20 ซม. พร้อมเสาหินแกรนิตริมสระ,70
56,หินแกรนิตขาววินเซนต์ Vincent White Granite (VG) พื้นผิว พ่นไฟ 60x60เซนติเมตร,หินแกรนิต,https://www.xn--q3ca6cja3bzj.com/product/56/,hs/27/e6.jpg,ผิวหินแกรนิตขาววินเซนต์ Vincent White ผิวพ่นไฟ ลายคลื่นสีเทาเข้ม,64
57,หินอ่อน ขาวหิมาลัย Himalayan White Marble (HWM) 60*60เซนติเมตร,หินอ่อนต่างประเทศ,https://www.xn--q3ca6cja3bzj.com/product/57/,pn/im/l3.jpg,พื้นปูหินอ่อนขาวหิมาลัย Himalayan White ขนาด 60x60 ซม. เรียงสลับแนวอิฐ,70
58,หินแกรนิตขาววินเซนต์ Vincent White Granite (VG) พื้นผิว พ่นไฟ สั่งตัดกว้างไม่เกิน 60cm,หินแกรนิต,https://www.xn--q3ca6cja3bzj.com/product/58/,hs/27/e6.jpg,ผิวหินแกรนิตขาววินเซนต์ Vincent White ผิวพ่นไฟ ลายคลื่นสีเทา ระยะใกล้,69
62,หินอ่อน ขาวหิมาลัย Himalayan White Marble สั่งตัดกว้างไม่เกิน 60cm,หินอ่อนต่างประเทศ,https://www.xn--q3ca6cja3bzj.com/product/62/,em/1o/om.jpg,ผิวหินอ่อนขาวหิมาลัย Himalayan White สีขาวเนื้อละเอียด สั่งตัดตามขนาด,69
66,แกรนิตสีดำเกล็ดทอง ขนาด60x60ซ.ม.,หินแกรนิต,https://www.xn--q3ca6cja3bzj.com/product/66/,vc/4z/vd.jpg,ผิวหินแกรนิตดำเกล็ดทอง ขนาด 60x60 ซม. สีดำประกายทอง ระยะใกล้,60
67,หินแกรนิตดำเกล็ดทอง (GLX) ขนาด60*60ซม.,หินแกรนิต,https://www.xn--q3ca6cja3bzj.com/product/67/,vc/4z/vd.jpg,ผิวหินแกรนิตดำเกล็ดทอง GLX ขนาด 60x60 ซม. สีดำประกายทอง ระยะใกล้,64
68,FLEX STONE LIGHT TRAVERTINE,วัสดุทดแทนหิน,https://www.xn--q3ca6cja3bzj.com/product/68/,7z/fy/lo.jpg,แผ่นหินยืดหยุ่น FLEX STONE ลาย Light Travertine ผิวสีครีมอมเบจ,62
69,พื้น SPC 4mm ลายไม้ ระบบ Click Lock สีเทาอ่อน,วัสดุทดแทนหิน,https://www.xn--q3ca6cja3bzj.com/product/69/,iy/3d/hy.png,ห้องปูพื้น SPC หนา 4 มม. ลายไม้สีเทาอ่อน ระบบคลิกล็อก,53
74,FLEX STONE GREY TRAVERTINE,วัสดุทดแทนหิน,https://www.xn--q3ca6cja3bzj.com/product/74/,4s/mm/i6.jpg,แผ่นหินยืดหยุ่น FLEX STONE ลาย Grey Travertine ผิวสีเทาลายเส้น,62
75,FLEX STONE RUSTY RED,วัสดุทดแทนหิน,https://www.xn--q3ca6cja3bzj.com/product/75/,xx/8s/ke.jpg,แผ่นหินยืดหยุ่น FLEX STONE ลาย Rusty Red ผิวสีแดงอมน้ำตาล,57
