เลข,บทความ,URL บทความ,ลิงก์ไปหน้าไหน,วางลิงก์ตรงไหน,ทำไม
27,ท็อปครัวหินอ่อนขาว vs หินแกรนิตสีเข้ม เลือกยังไง,/article/27/,"/category/3/หินแกรนิต + /product/17/ (ดำจีน)",ย่อหน้าที่สรุปว่าแกรนิตทนกว่า,คนอ่านบทความนี้กำลังจะซื้อท็อปครัว = ใกล้ตัดสินใจที่สุดในบรรดา 27 บทความ
26,หินอ่อน vs หินแกรนิต สำหรับท็อปครัว,/article/26/,/category/3/หินแกรนิต + ตารางราคาหน้าแรก,ตรงที่พูดถึงราคา,ต่อยอดจากคำถามเปรียบเทียบไปสู่ราคาจริง
25,เลือกแผ่นหินอ่อน หินแกรนิต ยังไงให้ถูกงาน,/article/25/,ทุกหมวดหลัก 6 หมวด,ท้ายแต่ละหัวข้อย่อย,บทความนี้เป็น hub ควรแตกไปทุกหมวด
24,หินอ่อนขาวหิมาลายัน Himalayan White Marble,/article/24/,/product/20/ + /product/57/ + /product/62/,ย่อหน้าแรกและท้ายบทความ,ชื่อบทความตรงกับชื่อสินค้าเป๊ะ เป็นคู่ที่ชัดที่สุด
23,MCM นวัตกรรมวัสดุปิดผิวอาคารแห่งอนาคต,/article/23/,"/category/12/วัสดุทดแทนหิน + /product/68/ /74/ /75/",ตรงที่อธิบายการติดตั้ง,บทความอธิบายเทคโนโลยี สินค้าคือของจริงที่ขาย
22,หินอ่อนปูพื้น ความหรูหราและความทนทาน,/article/22/,/category/2/หินอ่อนภายในประเทศ,กลางบทความ,คนหาหินปูพื้นมักเริ่มจากงบ = หินไทยตอบโจทย์
21,หินแกรนิตดำ สร้างความสง่างาม คู่พื้นที่ภายนอก,/article/21/,/product/17/ + /product/18/ + /product/66/,ตรงที่ยกตัวอย่างชนิดหิน,มีสินค้าหินแกรนิตดำ 3 ตัวตรงกับบทความ
20,หินอ่อนขาว สร้างบรรยากาศบริสุทธิ์ สู่พื้นที่ศักดิ์สิทธิ์,/article/20/,/product/20/ + /product/37/ (บล็อกแกะสลัก),ท้ายบทความ,งานวัดต้องใช้ทั้งแผ่นปูและบล็อกแกะสลัก
19,หินอ่อน ปูพื้นภายในบ้าน,/article/19/,/category/2/ + /category/1/,กลางบทความ,ครอบคลุมทั้งงบประหยัดและงบสูง
18,ลูกกรงหินอ่อน ราวระเบียงกันตกที่สวยงาม,/article/18/,"/category/6/ + /product/39/ /40/ /41/ /42/ /43/",ตรงที่พูดถึงความสูง,มีลูกกรง 5 รุ่นให้เลือกตามความสูงและสี
17,หินแกรนิต ปูพื้นวัด,/article/17/,/category/3/ + /category/4/หินศิลาแลง,ตรงที่พูดถึงพื้นลานกลางแจ้ง,ลานวัดใช้ศิลาแลงมากกว่าแกรนิต ควรเสนอทั้งคู่
16,หินอ่อนปูพื้นวัด,/article/16/,/product/20/ + /product/57/,ตรงที่พูดถึงหินขาว,ขาวหิมาลัยคือสินค้าหลักสำหรับงานวัด
15,วิธีทำความสะอาดและบำรุงรักษาหินอ่อนภายในบ้าน,/article/15/,/category/1/ + /category/2/,ท้ายบทความ,คนอ่านหลังซื้อแล้ว = สร้างความน่าเชื่อถือ ไม่ใช่ปิดการขาย อย่ายัดลิงก์เยอะ
14,ที่มา หินอ่อน.com ราชาแห่งหินอ่อนของประเทศไทย,/article/14/,/aboutus + /contactus,ท้ายบทความ,บทความแบรนด์ ควรจบที่หน้าติดต่อ
13,หินอ่อนครีมามาร์ฟิล Crema Marfil,/article/13/,/category/1/หินอ่อนต่างประเทศ,ท้ายบทความ,ยังไม่มีสินค้าตัวนี้ — ลิงก์ไปหมวดแทน และพิจารณาสั่งเข้ามาขาย
12,หินอ่อนสเตเทวอริโอ Statuario Marble,/article/12/,/category/1/ + /product/7/ (ไวท์คาราร่า),ท้ายบทความ,ยังไม่มี Statuario เสนอคาราร่าเป็นทางเลือกใกล้เคียง
11,วิหารพาเธนอน วิหารหินอ่อนแห่งกรีซ,/article/11/,/product/5/ (ไวท์วอลาคัส กรีซ),ตรงที่พูดถึงหินกรีซ,วอลาคัสเป็นหินกรีซจริง เชื่อมได้เนียนมาก
10,หินอ่อนจากเมือง Volakas ประเทศกรีซ,/article/10/,/product/5/,ย่อหน้าแรก,ชื่อบทความตรงกับชื่อสินค้าเป๊ะ
9,แหล่งกำเนิดและการขุด หินอ่อนไวท์คาราร่า,/article/9/,/product/7/,ย่อหน้าแรก,ชื่อบทความตรงกับชื่อสินค้าเป๊ะ
8,แหล่งกำเนิดหินอ่อนดังจากทั่วโลก,/article/8/,/category/1/หินอ่อนต่างประเทศ,ท้ายแต่ละแหล่ง,บทความรวมแหล่ง ควรลิงก์ไปหมวดนำเข้า
7,แกรนิตกับการสร้างสถาปัตยกรรมเอกของโลก,/article/7/,/category/3/หินแกรนิต,ท้ายบทความ,บทความความรู้ ลิงก์เดียวพอ
6,หินอ่อนกับการสร้างสถาปัตยกรรมเอกของโลก,/article/6/,/category/1/,ท้ายบทความ,บทความความรู้ ลิงก์เดียวพอ
5,แกรนิตกับการนำไปประยุกต์ใช้ในการตกแต่งบ้าน,/article/5/,/category/3/ + /product/21/ /25/,กลางบทความ,มีตัวอย่างผิวพ่นทราย/พ่นไฟให้ดูของจริง
4,แกรนิต คืออะไร ในทางธรณีวิทยา,/article/4/,/category/3/,ท้ายบทความ,บทความพื้นฐาน คนยังไม่พร้อมซื้อ อย่ายัดลิงก์
3,หินอ่อน คืออะไร ในทางวิทยาศาสตร์,/article/3/,/category/1/ + /category/2/,ท้ายบทความ,บทความพื้นฐาน คนยังไม่พร้อมซื้อ อย่ายัดลิงก์
2,หินอ่อนที่ดี ควรมีลักษณะอย่างไร,/article/2/,/article/25/ (บทความ hub) + /category/1/,กลางบทความ,ส่งต่อไปบทความที่ช่วยเลือกจริง
1,หินอ่อน Marble ลักษณะ คุณสมบัติที่ต้องรู้,/article/1/,/article/26/ + /category/2/,ท้ายบทความ,บทความเข้าเว็บ ควรส่งต่อไปบทความเปรียบเทียบ
