ชื่อ tag,จำนวนสินค้าในหน้า,ควรทำอย่างไร,เหตุผล,URL
หินอ่อน,17,เก็บ,มีสินค้า 17 ชิ้น พอเป็นหน้ารวมที่มีประโยชน์,https://www.xn--q3ca6cja3bzj.com/product/tag/หินอ่อน
หินแผ่น,10,เก็บ,มีสินค้า 10 ชิ้น พอเป็นหน้ารวมที่มีประโยชน์,https://www.xn--q3ca6cja3bzj.com/product/tag/หินแผ่น
หินแกรนิต,7,เก็บ,มีสินค้า 7 ชิ้น พอเป็นหน้ารวมที่มีประโยชน์,https://www.xn--q3ca6cja3bzj.com/product/tag/หินแกรนิต
ราวกันตก,5,เก็บ,มีสินค้า 5 ชิ้น พอเป็นหน้ารวมที่มีประโยชน์,https://www.xn--q3ca6cja3bzj.com/product/tag/ราวกันตก
ราวบันไดหินอ่อน,5,เก็บ,มีสินค้า 5 ชิ้น พอเป็นหน้ารวมที่มีประโยชน์,https://www.xn--q3ca6cja3bzj.com/product/tag/ราวบันไดหินอ่อน
ลูกกรง,5,เก็บ,มีสินค้า 5 ชิ้น พอเป็นหน้ารวมที่มีประโยชน์,https://www.xn--q3ca6cja3bzj.com/product/tag/ลูกกรง
เสาหินอ่อน,5,เก็บ,มีสินค้า 5 ชิ้น พอเป็นหน้ารวมที่มีประโยชน์,https://www.xn--q3ca6cja3bzj.com/product/tag/เสาหินอ่อน
เสาโชว์หินอ่อน,5,เก็บ,มีสินค้า 5 ชิ้น พอเป็นหน้ารวมที่มีประโยชน์,https://www.xn--q3ca6cja3bzj.com/product/tag/เสาโชว์หินอ่อน
ศิลาแลง,4,เก็บ,มีสินค้า 4 ชิ้น พอเป็นหน้ารวมที่มีประโยชน์,https://www.xn--q3ca6cja3bzj.com/product/tag/ศิลาแลง
สวน,4,เก็บ,มีสินค้า 4 ชิ้น พอเป็นหน้ารวมที่มีประโยชน์,https://www.xn--q3ca6cja3bzj.com/product/tag/สวน
หญ้าปลอม,4,เก็บ,มีสินค้า 4 ชิ้น พอเป็นหน้ารวมที่มีประโยชน์,https://www.xn--q3ca6cja3bzj.com/product/tag/หญ้าปลอม
หญ้าสนาม,4,เก็บ,มีสินค้า 4 ชิ้น พอเป็นหน้ารวมที่มีประโยชน์,https://www.xn--q3ca6cja3bzj.com/product/tag/หญ้าสนาม
หญ้าเทียม,4,เก็บ,มีสินค้า 4 ชิ้น พอเป็นหน้ารวมที่มีประโยชน์,https://www.xn--q3ca6cja3bzj.com/product/tag/หญ้าเทียม
หญ้าเทียมพลาสติก,4,เก็บ,มีสินค้า 4 ชิ้น พอเป็นหน้ารวมที่มีประโยชน์,https://www.xn--q3ca6cja3bzj.com/product/tag/หญ้าเทียมพลาสติก
หญ้าแผ่น,4,เก็บ,มีสินค้า 4 ชิ้น พอเป็นหน้ารวมที่มีประโยชน์,https://www.xn--q3ca6cja3bzj.com/product/tag/หญ้าแผ่น
หินศิลาแลง,4,เก็บ,มีสินค้า 4 ชิ้น พอเป็นหน้ารวมที่มีประโยชน์,https://www.xn--q3ca6cja3bzj.com/product/tag/หินศิลาแลง
หินอ่อนขาวเทาสระบุรี,4,เก็บ,คำที่ลูกค้าค้นจริง แม้สินค้ายังน้อย — ควรเพิ่มสินค้าเข้า tag นี้,https://www.xn--q3ca6cja3bzj.com/product/tag/หินอ่อนขาวเทาสระบุรี
หินอ่อนราคาถูก,4,เก็บ,คำที่ลูกค้าค้นจริง แม้สินค้ายังน้อย — ควรเพิ่มสินค้าเข้า tag นี้,https://www.xn--q3ca6cja3bzj.com/product/tag/หินอ่อนราคาถูก
อุปกรณ์ตกแต่ง,4,เก็บ,มีสินค้า 4 ชิ้น พอเป็นหน้ารวมที่มีประโยชน์,https://www.xn--q3ca6cja3bzj.com/product/tag/อุปกรณ์ตกแต่ง
แกรนิต,4,เก็บ,มีสินค้า 4 ชิ้น พอเป็นหน้ารวมที่มีประโยชน์,https://www.xn--q3ca6cja3bzj.com/product/tag/แกรนิต
หินกรวด,3,เก็บ,มีสินค้า 3 ชิ้น พอเป็นหน้ารวมที่มีประโยชน์,https://www.xn--q3ca6cja3bzj.com/product/tag/หินกรวด
หินปูสระว่ายน้ำ,3,เก็บ,คำที่ลูกค้าค้นจริง แม้สินค้ายังน้อย — ควรเพิ่มสินค้าเข้า tag นี้,https://www.xn--q3ca6cja3bzj.com/product/tag/หินปูสระว่ายน้ำ
หินอ่อนสระว่ายน้ำ,3,เก็บ,คำที่ลูกค้าค้นจริง แม้สินค้ายังน้อย — ควรเพิ่มสินค้าเข้า tag นี้,https://www.xn--q3ca6cja3bzj.com/product/tag/หินอ่อนสระว่ายน้ำ
หินแต่งสวน,3,เก็บ,มีสินค้า 3 ชิ้น พอเป็นหน้ารวมที่มีประโยชน์,https://www.xn--q3ca6cja3bzj.com/product/tag/หินแต่งสวน
ขายหินอ่อน,2,เก็บ,คำที่ลูกค้าค้นจริง แม้สินค้ายังน้อย — ควรเพิ่มสินค้าเข้า tag นี้,https://www.xn--q3ca6cja3bzj.com/product/tag/ขายหินอ่อน
หินแกรนิตขาวไข่มุก,2,เก็บ,คำที่ลูกค้าค้นจริง แม้สินค้ายังน้อย — ควรเพิ่มสินค้าเข้า tag นี้,https://www.xn--q3ca6cja3bzj.com/product/tag/หินแกรนิตขาวไข่มุก
ขายหินแกรนิต,1,เก็บ,คำที่ลูกค้าค้นจริง แม้สินค้ายังน้อย — ควรเพิ่มสินค้าเข้า tag นี้,https://www.xn--q3ca6cja3bzj.com/product/tag/ขายหินแกรนิต
ราวระเบียงหินอ่อน,1,เก็บ,คำที่ลูกค้าค้นจริง แม้สินค้ายังน้อย — ควรเพิ่มสินค้าเข้า tag นี้,https://www.xn--q3ca6cja3bzj.com/product/tag/ราวระเบียงหินอ่อน
ลูกกรงหินอ่อน,1,เก็บ,คำที่ลูกค้าค้นจริง แม้สินค้ายังน้อย — ควรเพิ่มสินค้าเข้า tag นี้,https://www.xn--q3ca6cja3bzj.com/product/tag/ลูกกรงหินอ่อน
ศิลาแลงกำแพงเพชร,1,เก็บ,คำที่ลูกค้าค้นจริง แม้สินค้ายังน้อย — ควรเพิ่มสินค้าเข้า tag นี้,https://www.xn--q3ca6cja3bzj.com/product/tag/ศิลาแลงกำแพงเพชร
หินตกแต่งสวน,1,เก็บ,คำที่ลูกค้าค้นจริง แม้สินค้ายังน้อย — ควรเพิ่มสินค้าเข้า tag นี้,https://www.xn--q3ca6cja3bzj.com/product/tag/หินตกแต่งสวน
หินปูพื้น,1,เก็บ,คำที่ลูกค้าค้นจริง แม้สินค้ายังน้อย — ควรเพิ่มสินค้าเข้า tag นี้,https://www.xn--q3ca6cja3bzj.com/product/tag/หินปูพื้น
หินปูพื้นกันลื่น,1,เก็บ,คำที่ลูกค้าค้นจริง แม้สินค้ายังน้อย — ควรเพิ่มสินค้าเข้า tag นี้,https://www.xn--q3ca6cja3bzj.com/product/tag/หินปูพื้นกันลื่น
หินอ่อนชมพูทับกวาง,1,เก็บ,คำที่ลูกค้าค้นจริง แม้สินค้ายังน้อย — ควรเพิ่มสินค้าเข้า tag นี้,https://www.xn--q3ca6cja3bzj.com/product/tag/หินอ่อนชมพูทับกวาง
หินอ่อนดำ,1,เก็บ,คำที่ลูกค้าค้นจริง แม้สินค้ายังน้อย — ควรเพิ่มสินค้าเข้า tag นี้,https://www.xn--q3ca6cja3bzj.com/product/tag/หินอ่อนดำ
หินอ่อนประเทศไทย,1,เก็บ,คำที่ลูกค้าค้นจริง แม้สินค้ายังน้อย — ควรเพิ่มสินค้าเข้า tag นี้,https://www.xn--q3ca6cja3bzj.com/product/tag/หินอ่อนประเทศไทย
หินอ่อนปูผนัง,1,เก็บ,คำที่ลูกค้าค้นจริง แม้สินค้ายังน้อย — ควรเพิ่มสินค้าเข้า tag นี้,https://www.xn--q3ca6cja3bzj.com/product/tag/หินอ่อนปูผนัง
หินแกรนิตดำ,1,เก็บ,คำที่ลูกค้าค้นจริง แม้สินค้ายังน้อย — ควรเพิ่มสินค้าเข้า tag นี้,https://www.xn--q3ca6cja3bzj.com/product/tag/หินแกรนิตดำ
หินแกรนิตปูพื้น,1,เก็บ,คำที่ลูกค้าค้นจริง แม้สินค้ายังน้อย — ควรเพิ่มสินค้าเข้า tag นี้,https://www.xn--q3ca6cja3bzj.com/product/tag/หินแกรนิตปูพื้น
หินโรยสวน,1,เก็บ,คำที่ลูกค้าค้นจริง แม้สินค้ายังน้อย — ควรเพิ่มสินค้าเข้า tag นี้,https://www.xn--q3ca6cja3bzj.com/product/tag/หินโรยสวน
siam-stone,3,ตัด,ศัพท์สเปก/อังกฤษ ที่คนไทยไม่ได้ใช้ค้น หรือซ้ำกับ tag อื่น,https://www.xn--q3ca6cja3bzj.com/product/tag/siam-stone
วินเซนต์,3,ตัด,ศัพท์สเปก/อังกฤษ ที่คนไทยไม่ได้ใช้ค้น หรือซ้ำกับ tag อื่น,https://www.xn--q3ca6cja3bzj.com/product/tag/วินเซนต์
white-pearl-granite,2,ตัด,ศัพท์สเปก/อังกฤษ ที่คนไทยไม่ได้ใช้ค้น หรือซ้ำกับ tag อื่น,https://www.xn--q3ca6cja3bzj.com/product/tag/white-pearl-granite
ลูกกรงสีขาว,2,ตัด,มีสินค้าแค่ 2 ชิ้น — หน้าบางเกินไป และแย่งคำค้นกับหน้าหมวดหมู่,https://www.xn--q3ca6cja3bzj.com/product/tag/ลูกกรงสีขาว
วิสคอนไวท์,2,ตัด,ศัพท์สเปก/อังกฤษ ที่คนไทยไม่ได้ใช้ค้น หรือซ้ำกับ tag อื่น,https://www.xn--q3ca6cja3bzj.com/product/tag/วิสคอนไวท์
หินบล็อค,2,ตัด,มีสินค้าแค่ 2 ชิ้น — หน้าบางเกินไป และแย่งคำค้นกับหน้าหมวดหมู่,https://www.xn--q3ca6cja3bzj.com/product/tag/หินบล็อค
หินแกรนิตดำจีน,2,ตัด,มีสินค้าแค่ 2 ชิ้น — หน้าบางเกินไป และแย่งคำค้นกับหน้าหมวดหมู่,https://www.xn--q3ca6cja3bzj.com/product/tag/หินแกรนิตดำจีน
หินแกรนิตดำอินเดีย,2,ตัด,มีสินค้าแค่ 2 ชิ้น — หน้าบางเกินไป และแย่งคำค้นกับหน้าหมวดหมู่,https://www.xn--q3ca6cja3bzj.com/product/tag/หินแกรนิตดำอินเดีย
black-marquina,1,ตัด,ศัพท์สเปก/อังกฤษ ที่คนไทยไม่ได้ใช้ค้น หรือซ้ำกับ tag อื่น,https://www.xn--q3ca6cja3bzj.com/product/tag/black-marquina
china-black-granite,1,ตัด,ศัพท์สเปก/อังกฤษ ที่คนไทยไม่ได้ใช้ค้น หรือซ้ำกับ tag อื่น,https://www.xn--q3ca6cja3bzj.com/product/tag/china-black-granite
cobble,1,ตัด,ศัพท์สเปก/อังกฤษ ที่คนไทยไม่ได้ใช้ค้น หรือซ้ำกับ tag อื่น,https://www.xn--q3ca6cja3bzj.com/product/tag/cobble
cobble-stone,1,ตัด,ศัพท์สเปก/อังกฤษ ที่คนไทยไม่ได้ใช้ค้น หรือซ้ำกับ tag อื่น,https://www.xn--q3ca6cja3bzj.com/product/tag/cobble-stone
cobblestone,1,ตัด,ศัพท์สเปก/อังกฤษ ที่คนไทยไม่ได้ใช้ค้น หรือซ้ำกับ tag อื่น,https://www.xn--q3ca6cja3bzj.com/product/tag/cobblestone
g20,1,ตัด,ศัพท์สเปก/อังกฤษ ที่คนไทยไม่ได้ใช้ค้น หรือซ้ำกับ tag อื่น,https://www.xn--q3ca6cja3bzj.com/product/tag/g20
granite,1,ตัด,ศัพท์สเปก/อังกฤษ ที่คนไทยไม่ได้ใช้ค้น หรือซ้ำกับ tag อื่น,https://www.xn--q3ca6cja3bzj.com/product/tag/granite
indian-black-granite,1,ตัด,ศัพท์สเปก/อังกฤษ ที่คนไทยไม่ได้ใช้ค้น หรือซ้ำกับ tag อื่น,https://www.xn--q3ca6cja3bzj.com/product/tag/indian-black-granite
marble,1,ตัด,ศัพท์สเปก/อังกฤษ ที่คนไทยไม่ได้ใช้ค้น หรือซ้ำกับ tag อื่น,https://www.xn--q3ca6cja3bzj.com/product/tag/marble
vincent-white,1,ตัด,ศัพท์สเปก/อังกฤษ ที่คนไทยไม่ได้ใช้ค้น หรือซ้ำกับ tag อื่น,https://www.xn--q3ca6cja3bzj.com/product/tag/vincent-white
กรวดขนาดใหญ่-xl,1,ตัด,มีสินค้าแค่ 1 ชิ้น — หน้าบางเกินไป และแย่งคำค้นกับหน้าหมวดหมู่,https://www.xn--q3ca6cja3bzj.com/product/tag/กรวดขนาดใหญ่-xl
ขาวไข่มุก,1,ตัด,ศัพท์สเปก/อังกฤษ ที่คนไทยไม่ได้ใช้ค้น หรือซ้ำกับ tag อื่น,https://www.xn--q3ca6cja3bzj.com/product/tag/ขาวไข่มุก
ขาวไข่มุกพ่นไฟ,1,ตัด,มีสินค้าแค่ 1 ชิ้น — หน้าบางเกินไป และแย่งคำค้นกับหน้าหมวดหมู่,https://www.xn--q3ca6cja3bzj.com/product/tag/ขาวไข่มุกพ่นไฟ
ดำจีน,1,ตัด,ศัพท์สเปก/อังกฤษ ที่คนไทยไม่ได้ใช้ค้น หรือซ้ำกับ tag อื่น,https://www.xn--q3ca6cja3bzj.com/product/tag/ดำจีน
พ่นทราย,1,ตัด,ศัพท์สเปก/อังกฤษ ที่คนไทยไม่ได้ใช้ค้น หรือซ้ำกับ tag อื่น,https://www.xn--q3ca6cja3bzj.com/product/tag/พ่นทราย
ลูกกรง-65-ซม,1,ตัด,เป็นขนาด/สเปก ไม่ใช่คำค้น ควรอยู่ในรายละเอียดสินค้าแทน,https://www.xn--q3ca6cja3bzj.com/product/tag/ลูกกรง-65-ซม
ลูกกรงขาว,1,ตัด,มีสินค้าแค่ 1 ชิ้น — หน้าบางเกินไป และแย่งคำค้นกับหน้าหมวดหมู่,https://www.xn--q3ca6cja3bzj.com/product/tag/ลูกกรงขาว
ลูกกรงขาว-65-ซม,1,ตัด,เป็นขนาด/สเปก ไม่ใช่คำค้น ควรอยู่ในรายละเอียดสินค้าแทน,https://www.xn--q3ca6cja3bzj.com/product/tag/ลูกกรงขาว-65-ซม
ลูกกรงขาว-70-ซม,1,ตัด,เป็นขนาด/สเปก ไม่ใช่คำค้น ควรอยู่ในรายละเอียดสินค้าแทน,https://www.xn--q3ca6cja3bzj.com/product/tag/ลูกกรงขาว-70-ซม
ลูกกรงระเบียง,1,ตัด,มีสินค้าแค่ 1 ชิ้น — หน้าบางเกินไป และแย่งคำค้นกับหน้าหมวดหมู่,https://www.xn--q3ca6cja3bzj.com/product/tag/ลูกกรงระเบียง
ลูกกรงระเบียงสีส้ม,1,ตัด,มีสินค้าแค่ 1 ชิ้น — หน้าบางเกินไป และแย่งคำค้นกับหน้าหมวดหมู่,https://www.xn--q3ca6cja3bzj.com/product/tag/ลูกกรงระเบียงสีส้ม
ลูกกรงรั้ว,1,ตัด,มีสินค้าแค่ 1 ชิ้น — หน้าบางเกินไป และแย่งคำค้นกับหน้าหมวดหมู่,https://www.xn--q3ca6cja3bzj.com/product/tag/ลูกกรงรั้ว
ลูกกรงส้มฟลอเรนซ์,1,ตัด,มีสินค้าแค่ 1 ชิ้น — หน้าบางเกินไป และแย่งคำค้นกับหน้าหมวดหมู่,https://www.xn--q3ca6cja3bzj.com/product/tag/ลูกกรงส้มฟลอเรนซ์
ศิลาแลง-20x40,1,ตัด,เป็นขนาด/สเปก ไม่ใช่คำค้น ควรอยู่ในรายละเอียดสินค้าแทน,https://www.xn--q3ca6cja3bzj.com/product/tag/ศิลาแลง-20x40
ศิลาแลง-30x30,1,ตัด,เป็นขนาด/สเปก ไม่ใช่คำค้น ควรอยู่ในรายละเอียดสินค้าแทน,https://www.xn--q3ca6cja3bzj.com/product/tag/ศิลาแลง-30x30
ศิลาแลง-40x40,1,ตัด,เป็นขนาด/สเปก ไม่ใช่คำค้น ควรอยู่ในรายละเอียดสินค้าแทน,https://www.xn--q3ca6cja3bzj.com/product/tag/ศิลาแลง-40x40
ศิลาแลง-50x50,1,ตัด,เป็นขนาด/สเปก ไม่ใช่คำค้น ควรอยู่ในรายละเอียดสินค้าแทน,https://www.xn--q3ca6cja3bzj.com/product/tag/ศิลาแลง-50x50
ศิลาแลงกรุผนัง,1,ตัด,มีสินค้าแค่ 1 ชิ้น — หน้าบางเกินไป และแย่งคำค้นกับหน้าหมวดหมู่,https://www.xn--q3ca6cja3bzj.com/product/tag/ศิลาแลงกรุผนัง
ศิลาแลงทางเดิน,1,ตัด,มีสินค้าแค่ 1 ชิ้น — หน้าบางเกินไป และแย่งคำค้นกับหน้าหมวดหมู่,https://www.xn--q3ca6cja3bzj.com/product/tag/ศิลาแลงทางเดิน
ศิลาแลงปูพื้น,1,ตัด,มีสินค้าแค่ 1 ชิ้น — หน้าบางเกินไป และแย่งคำค้นกับหน้าหมวดหมู่,https://www.xn--q3ca6cja3bzj.com/product/tag/ศิลาแลงปูพื้น
ศิลาแลงปูลาน,1,ตัด,มีสินค้าแค่ 1 ชิ้น — หน้าบางเกินไป และแย่งคำค้นกับหน้าหมวดหมู่,https://www.xn--q3ca6cja3bzj.com/product/tag/ศิลาแลงปูลาน
ศิลาแลงแผ่นเล็ก,1,ตัด,มีสินค้าแค่ 1 ชิ้น — หน้าบางเกินไป และแย่งคำค้นกับหน้าหมวดหมู่,https://www.xn--q3ca6cja3bzj.com/product/tag/ศิลาแลงแผ่นเล็ก
ศิลาแลงแผ่นใหญ่,1,ตัด,มีสินค้าแค่ 1 ชิ้น — หน้าบางเกินไป และแย่งคำค้นกับหน้าหมวดหมู่,https://www.xn--q3ca6cja3bzj.com/product/tag/ศิลาแลงแผ่นใหญ่
หินกรวดขาว,1,ตัด,มีสินค้าแค่ 1 ชิ้น — หน้าบางเกินไป และแย่งคำค้นกับหน้าหมวดหมู่,https://www.xn--q3ca6cja3bzj.com/product/tag/หินกรวดขาว
หินกรวดแต่งสวน,1,ตัด,มีสินค้าแค่ 1 ชิ้น — หน้าบางเกินไป และแย่งคำค้นกับหน้าหมวดหมู่,https://www.xn--q3ca6cja3bzj.com/product/tag/หินกรวดแต่งสวน
หินก่อผนัง,1,ตัด,มีสินค้าแค่ 1 ชิ้น — หน้าบางเกินไป และแย่งคำค้นกับหน้าหมวดหมู่,https://www.xn--q3ca6cja3bzj.com/product/tag/หินก่อผนัง
หินขาวพ่นไฟ,1,ตัด,มีสินค้าแค่ 1 ชิ้น — หน้าบางเกินไป และแย่งคำค้นกับหน้าหมวดหมู่,https://www.xn--q3ca6cja3bzj.com/product/tag/หินขาวพ่นไฟ
หินจิ๊กซอ,1,ตัด,มีสินค้าแค่ 1 ชิ้น — หน้าบางเกินไป และแย่งคำค้นกับหน้าหมวดหมู่,https://www.xn--q3ca6cja3bzj.com/product/tag/หินจิ๊กซอ
หินตกแต่ง,1,ตัด,มีสินค้าแค่ 1 ชิ้น — หน้าบางเกินไป และแย่งคำค้นกับหน้าหมวดหมู่,https://www.xn--q3ca6cja3bzj.com/product/tag/หินตกแต่ง
หินปูทางเดิน,1,ตัด,มีสินค้าแค่ 1 ชิ้น — หน้าบางเกินไป และแย่งคำค้นกับหน้าหมวดหมู่,https://www.xn--q3ca6cja3bzj.com/product/tag/หินปูทางเดิน
หินปูผนัง,1,ตัด,มีสินค้าแค่ 1 ชิ้น — หน้าบางเกินไป และแย่งคำค้นกับหน้าหมวดหมู่,https://www.xn--q3ca6cja3bzj.com/product/tag/หินปูผนัง
หินปูพื้น-30x60,1,ตัด,เป็นขนาด/สเปก ไม่ใช่คำค้น ควรอยู่ในรายละเอียดสินค้าแทน,https://www.xn--q3ca6cja3bzj.com/product/tag/หินปูพื้น-30x60
หินปูโรงรถ,1,ตัด,มีสินค้าแค่ 1 ชิ้น — หน้าบางเกินไป และแย่งคำค้นกับหน้าหมวดหมู่,https://www.xn--q3ca6cja3bzj.com/product/tag/หินปูโรงรถ
หินพ่นไฟ,1,ตัด,มีสินค้าแค่ 1 ชิ้น — หน้าบางเกินไป และแย่งคำค้นกับหน้าหมวดหมู่,https://www.xn--q3ca6cja3bzj.com/product/tag/หินพ่นไฟ
หินพ่นไฟปั่นแปรง,1,ตัด,มีสินค้าแค่ 1 ชิ้น — หน้าบางเกินไป และแย่งคำค้นกับหน้าหมวดหมู่,https://www.xn--q3ca6cja3bzj.com/product/tag/หินพ่นไฟปั่นแปรง
หินแกรนิตไวท์เพิร์ล,1,ตัด,มีสินค้าแค่ 1 ชิ้น — หน้าบางเกินไป และแย่งคำค้นกับหน้าหมวดหมู่,https://www.xn--q3ca6cja3bzj.com/product/tag/หินแกรนิตไวท์เพิร์ล
แบล็คมาคิวน่า,1,ตัด,มีสินค้าแค่ 1 ชิ้น — หน้าบางเกินไป และแย่งคำค้นกับหน้าหมวดหมู่,https://www.xn--q3ca6cja3bzj.com/product/tag/แบล็คมาคิวน่า
