URL,title เดิม,ยาว,title ใหม่,ยาว,description เดิม,ยาว,สถานะเดิม,description ใหม่,ยาว,หมายเหตุ
https://www.silalang.com/,ศิลาเพชร | ศิลาแลงแท้จากเหมืองกำแพงเพชร : Inspired by LnwShop.com (v2),70,ศิลาเพชร | ศิลาแลงแท้จากเหมืองกำแพงเพชร | ศิลาเพชร,50,ศิลาแลงแท้จากเหมืองศิลาเพชร กำแพงเพชร ตัดตามขนาด ทั้งเหลี่ยม กลม และประติมากรรม ส่งทั่วไทย โทร 091-515-2222 LINE ging6946,121,ซ้ำกับหน้าอื่น,ศิลาแลงแท้จากเหมืองของเราเองที่กำแพงเพชร ตัดสดจากหน้าเหมือง มีทั้งเหลี่ยม กลม ประติมากรรม และพระบูชาศิลาแลงอัด โทร 091-515-2222,127,
https://www.silalang.com/aboutus,เกี่ยวกับเรา - ศิลาเพชร | ศิลาแลงแท้จากเหมืองกำแพงเพชร : Inspired by LnwShop.com (v2),85,เกี่ยวกับเรา | ศิลาเพชร,23,ศิลาแลงแท้จากเหมืองศิลาเพชร กำแพงเพชร ตัดตามขนาด ทั้งเหลี่ยม กลม และประติมากรรม ส่งทั่วไทย โทร 091-515-2222 LINE ging6946,121,ซ้ำกับหน้าอื่น,ศิลาเพชร เจ้าของเหมืองศิลาแลงที่กำแพงเพชร ไม่ใช่คนกลาง ตัดหินเองจากหน้าเหมือง คุมคุณภาพตั้งแต่ต้นทางและสั่งขนาดพิเศษได้,119,
https://www.silalang.com/article,บทความ - ศิลาเพชร | ศิลาแลงแท้จากเหมืองกำแพงเพชร : Inspired by LnwShop.com (v2),79,บทความ | ศิลาเพชร,17,| ศิลาแลงแท้จากเหมืองศิลาเพชร กำแพงเพชร ตัดตามขนาด ทั้งเหลี่ยม กลม และประติมากรรม ส่งทั่วไทย โทร 091-515-2222 LINE ging6946,123,ซ้ำกับหน้าอื่น,รวมบทความเรื่องศิลาแลงจากเหมืองศิลาเพชร กำแพงเพชร วิธีเลือก วิธีดูแล และข้อควรระวังก่อนสั่ง เขียนจากประสบการณ์จริง,114,
https://www.silalang.com/article/1/เหมือง-ศิลาแลง,เหมือง ศิลาแลง - ศิลาเพชร | ศิลาแลงแท้จากเหมืองกำแพงเพชร : Inspired by LnwShop.com (v2),87,เหมือง ศิลาแลง | ศิลาเพชร,25,ศิลาแลง จากวิกิพีเดีย สารานุกรมเสรี การตัดอิฐจากศิลาแลง ในประเทศอินเดีย ศิลาแลง หรือ แม่รัง เป็นวัสดุในธรรมชาติอย่างหนึ่ง มีลักษณะคล้ายกับหิน สีแดง ส้...,153,ซ้ำกับหน้าอื่น,เหมือง ศิลาแลง — บทความจากเหมืองศิลาเพชร กำแพงเพชร เขียนจากประสบการณ์หน้างานจริง ไม่ใช่ข้อมูลที่คัดลอกต่อกันมา,110,
https://www.silalang.com/article/10/ศิลาแลง-กับการสร้างสถาปัตยกรรม-ประวัติศาสตร์-อยุธยา,ศิลาแลง กับการสร้างสถาปัตยกรรม ประวัติศาสตร์ อยุธยา - ศิลาเพชร | ศิลาแลงแท้จากเหมืองกำแพงเพชร : Inspired by LnwShop.com (v2),124,กับการสร้างสถาปัตยกรรม ประวัติศาสตร์ อยุธยา | ศิลาเพชร,54,ศิลาแลงเป็นหินปูนชนิดหนึ่งที่มีเนื้อละเอียดและแข็ง พบมากในภาคกลางของประเทศไทย ศิลาแลงเป็นวัสดุก่อสร้างที่มีความสำคัญในสมัยอยุธยา ใช้ในการก่อสร้างอาคาร...,153,,ศิลาแลง กับการสร้างสถาปัตยกรรม ประวัติศาสตร์ อยุธยา — บทความจากเหมืองศิลาเพชร กำแพงเพชร เขียนจากประสบการณ์หน้างานจริง ไม่ใช่ข้อมูลที่คัดลอกต่อกันมา,147,
https://www.silalang.com/article/11/ศิลาแลง-วัสดุคลาสสิก-ที่โรงแรมระดับโลกเลือกใช้,ศิลาแลง วัสดุคลาสสิก ที่โรงแรมระดับโลกเลือกใช้ - ศิลาเพชร | ศิลาแลงแท้จากเหมืองกำแพงเพชร : Inspired by LnwShop.com (v2),119,ศิลาแลง วัสดุคลาสสิก ที่โรงแรมระดับโลกเลือกใช้ | ศิลาเพชร,57,Laterlite เป็นวัสดุก่อสร้างที่ผลิตจากดินเหนียวธรรมชาติ โดยผ่านกระบวนการอบด้วยความร้อนสูง ทำให้ได้วัสดุที่มีน้ำหนักเบา แข็งแรงทนทาน และสามารถทนต่อสภาพอ...,153,,ศิลาแลง วัสดุคลาสสิก ที่โรงแรมระดับโลกเลือกใช้ — บทความจากเหมืองศิลาเพชร กำแพงเพชร เขียนจากประสบการณ์หน้างานจริง ไม่ใช่ข้อมูลที่คัดลอกต่อกันมา,142,
https://www.silalang.com/article/12/ศิลาแลงแท้จากเหมืองพรานกระต่าย,ศิลาแลงแท้จากเหมืองพรานกระต่าย - ศิลาเพชร | ศิลาแลงแท้จากเหมืองกำแพงเพชร : Inspired by LnwShop.com (v2),103,ศิลาแลงแท้จากเหมืองพรานกระต่าย | ศิลาเพชร,41,ศิลาเพชร · กำแพงเพชร ศิลาแลงแท้จากเหมืองพรานกระต่าย ศิลาแลงเป็นหินธรรมชาติที่เกิดจากการสะสมของดินเหล็กในชั้นดินดาน เนื้อแน่น สีแดงอมส้มตามแร่ธา...,146,,ศิลาแลงแท้จากเหมืองพรานกระต่าย — บทความจากเหมืองศิลาเพชร กำแพงเพชร เขียนจากประสบการณ์หน้างานจริง ไม่ใช่ข้อมูลที่คัดลอกต่อกันมา,126,
https://www.silalang.com/article/13/ศิลาแลงปูทางเดิน-ต่างจากหินทั่วไปยังไง,ศิลาแลงปูทางเดิน ต่างจากหินทั่วไปยังไง - ศิลาเพชร | ศิลาแลงแท้จากเหมืองกำแพงเพชร : Inspired by LnwShop.com (v2),111,ศิลาแลงปูทางเดิน ต่างจากหินทั่วไปยังไง | ศิลาเพชร,49,เปรียบศิลาแลงกับหินปูทางเดินชนิดอื่น สอบถาม 091-515-2222,56,,ศิลาแลงปูทางเดิน ต่างจากหินทั่วไปยังไง — บทความจากเหมืองศิลาเพชร กำแพงเพชร เขียนจากประสบการณ์หน้างานจริง ไม่ใช่ข้อมูลที่คัดลอกต่อกันมา,134,
https://www.silalang.com/article/14/ศิลาแลงกำแพงเพชรทำกำแพงรั้วยังไงให้ทน,ศิลาแลงทำกำแพงรั้ว | ศิลาเพชรกำแพงเพชร - ศิลาเพชร | ศิลาแลงแท้จากเหมืองกำแพงเพชร : Inspired by LnwShop.com (v2),111,ศิลาแลงทำกำแพงรั้ว | ศิลาเพชรกำแพงเพชร | ศิลาเพชร,49,ศิลาแลงแท้จากเหมืองพรานกระต่าย ใช้ทำกำแพงรั้ว ตัดเหลี่ยมหรือกลม โทร 091-515-2222,80,,ศิลาแลงกำแพงเพชรทำกำแพงรั้วยังไงให้ทน — บทความจากเหมืองศิลาเพชร กำแพงเพชร เขียนจากประสบการณ์หน้างานจริง ไม่ใช่ข้อมูลที่คัดลอกต่อกันมา,133,
https://www.silalang.com/article/15/ศิลาแลงกับอิฐแดงต่างกันยังไง,ศิลาแลงต่างจากอิฐแดง | ศิลาเพชรกำแพงเพชร - ศิลาเพชร | ศิลาแลงแท้จากเหมืองกำแพงเพชร : Inspired by LnwShop.com (v2),113,ศิลาแลงต่างจากอิฐแดง | ศิลาเพชรกำแพงเพชร | ศิลาเพชร,51,ศิลาแลงจากเหมืองพรานกระต่ายเป็นหินแท้ อิฐแดงเป็นดินเผา โทร 091-515-2222,71,,ศิลาแลงกับอิฐแดงต่างกันยังไง — บทความจากเหมืองศิลาเพชร กำแพงเพชร เขียนจากประสบการณ์หน้างานจริง ไม่ใช่ข้อมูลที่คัดลอกต่อกันมา,124,
https://www.silalang.com/article/16/ศิลาแลงเหลี่ยมกับศิลาแลงกลม-เลือกยังไง,ศิลาแลงเหลี่ยมหรือกลม | ศิลาเพชร - ศิลาเพชร | ศิลาแลงแท้จากเหมืองกำแพงเพชร : Inspired by LnwShop.com (v2),105,ศิลาแลงเหลี่ยมหรือกลม | ศิลาเพชร,32,เหลี่ยมสำหรับกำแพง พื้น กลมสำหรับสวน ตัดจากเหมืองพรานกระต่าย โทร 091-515-2222,77,,ศิลาแลงเหลี่ยมกับศิลาแลงกลม เลือกยังไง — บทความจากเหมืองศิลาเพชร กำแพงเพชร เขียนจากประสบการณ์หน้างานจริง ไม่ใช่ข้อมูลที่คัดลอกต่อกันมา,134,
https://www.silalang.com/article/17/ปูพื้นศิลาแลงยังไงไม่ให้ทรุด,ปูพื้นศิลาแลงไม่ทรุด | ศิลาเพชร - ศิลาเพชร | ศิลาแลงแท้จากเหมืองกำแพงเพชร : Inspired by LnwShop.com (v2),104,ปูพื้นศิลาแลงไม่ทรุด | ศิลาเพชร,31,พื้นศิลาแลงต้องมีฐานบดอัด แผ่นเหลี่ยมหนา 5 ซม. ขึ้นไป โทร 091-515-2222,70,,ปูพื้นศิลาแลงยังไงไม่ให้ทรุด — บทความจากเหมืองศิลาเพชร กำแพงเพชร เขียนจากประสบการณ์หน้างานจริง ไม่ใช่ข้อมูลที่คัดลอกต่อกันมา,124,
https://www.silalang.com/article/18/ศิลาแลงสร้างวัด-ทำไมโบราณถึงใช้,ศิลาแลงสร้างวัด | ศิลาเพชรกำแพงเพชร - ศิลาเพชร | ศิลาแลงแท้จากเหมืองกำแพงเพชร : Inspired by LnwShop.com (v2),108,ศิลาแลงสร้างวัด | ศิลาเพชรกำแพงเพชร | ศิลาเพชร,46,วัดสุโขทัยอยุธยาใช้ศิลาแลงแท้จากภาคกลางตอนบน เหมืองพรานกระต่ายตัดตามแบบ โทร 091-515-2222,88,,ศิลาแลงสร้างวัด ทำไมโบราณถึงใช้ — บทความจากเหมืองศิลาเพชร กำแพงเพชร เขียนจากประสบการณ์หน้างานจริง ไม่ใช่ข้อมูลที่คัดลอกต่อกันมา,127,
https://www.silalang.com/article/19/สั่งศิลาแลงจากเหมืองยังไงให้ได้ก้อนแท้,สั่งศิลาแลงจากเหมือง | ศิลาเพชร - ศิลาเพชร | ศิลาแลงแท้จากเหมืองกำแพงเพชร : Inspired by LnwShop.com (v2),104,สั่งศิลาแลงจากเหมือง | ศิลาเพชร,31,บอกงานกำแพง รั้ว พื้น แล้วให้เหมืองพรานกระต่ายตัดตามขนาด โทร 091-515-2222,73,,สั่งศิลาแลงจากเหมืองยังไงให้ได้ก้อนแท้ — บทความจากเหมืองศิลาเพชร กำแพงเพชร เขียนจากประสบการณ์หน้างานจริง ไม่ใช่ข้อมูลที่คัดลอกต่อกันมา,134,
https://www.silalang.com/article/2/ตำนานเขานางทอง,ตำนานเขานางทอง - ศิลาเพชร | ศิลาแลงแท้จากเหมืองกำแพงเพชร : Inspired by LnwShop.com (v2),87,ตำนานเขานางทอง | ศิลาเพชร,25,ตำนานเขานางทอง เขานางทอง อยู่ในเขตอำเภอพรานกระต่าย,50,,ตำนานเขานางทอง — บทความจากเหมืองศิลาเพชร กำแพงเพชร เขียนจากประสบการณ์หน้างานจริง ไม่ใช่ข้อมูลที่คัดลอกต่อกันมา,110,
https://www.silalang.com/article/3/ข้อมูลศิลาอ้างอิง-เกี่ยวกับ-ศิลาแลง-เหมือง-เรา,ข้อมูลศิลาอ้างอิง เกี่ยวกับ ศิลาแลง เหมือง เรา - ศิลาเพชร | ศิลาแลงแท้จากเหมืองกำแพงเพชร : Inspired by LnwShop.com (v2),119,ข้อมูลศิลาอ้างอิง เกี่ยวกับ ศิลาแลง เหมือง เรา | ศิลาเพชร,57,ข้อมูลศิลาอ้างอิง เกี่ยวกับ ศิลาแลง เหมือง เรา,46,,ข้อมูลศิลาอ้างอิง เกี่ยวกับ ศิลาแลง เหมือง เรา — บทความจากเหมืองศิลาเพชร กำแพงเพชร เขียนจากประสบการณ์หน้างานจริง ไม่ใช่ข้อมูลที่คัดลอกต่อกันมา,142,
https://www.silalang.com/article/4/ศิลาแลงคืออะไร-ในทางธรณีวิทยา,ศิลาแลงคืออะไร ในทางธรณีวิทยา - ศิลาเพชร | ศิลาแลงแท้จากเหมืองกำแพงเพชร : Inspired by LnwShop.com (v2),102,ศิลาแลงคืออะไร ในทางธรณีวิทยา | ศิลาเพชร,40,"""ศิลาแลง"" เป็นคำที่ใช้เรียกหินทรายที่มีคุณภาพสูง มีลักษณะที่แข็งแรงและทนทาน ใช้กันอย่างแพร่หลายในงานก่อสร้างและงานประติมากรรมในประเทศไทย คำว่า ""ศิลาแล...",153,,ศิลาแลงคืออะไร ในทางธรณีวิทยา — บทความจากเหมืองศิลาเพชร กำแพงเพชร เขียนจากประสบการณ์หน้างานจริง ไม่ใช่ข้อมูลที่คัดลอกต่อกันมา,125,
https://www.silalang.com/article/5/ศิลาแลง-กับการสร้างสถาปัตยกรรม,ศิลาแลง กับการสร้างสถาปัตยกรรม - ศิลาเพชร | ศิลาแลงแท้จากเหมืองกำแพงเพชร : Inspired by LnwShop.com (v2),103,ศิลาแลง กับการสร้างสถาปัตยกรรม | ศิลาเพชร,41,ศิลาแลงเป็นวัสดุธรรมชาติชนิดหนึ่ง เกิดจากการทับถมของตะกอนและดินเหนียวเป็นเวลานาน ซึ่งมักพบในพื้นที่ที่มีความชื้นและฝนตกชุก ศิลาแลงมีลักษณะเป็นหินที่มี...,153,,ศิลาแลง กับการสร้างสถาปัตยกรรม — บทความจากเหมืองศิลาเพชร กำแพงเพชร เขียนจากประสบการณ์หน้างานจริง ไม่ใช่ข้อมูลที่คัดลอกต่อกันมา,126,
https://www.silalang.com/article/6/ศิลาแลง-กับการสร้างสถาปัตยกรรม-นครวัด-นครธม,ศิลาแลง กับการสร้างสถาปัตยกรรม นครวัด นครธม - ศิลาเพชร | ศิลาแลงแท้จากเหมืองกำแพงเพชร : Inspired by LnwShop.com (v2),116,ศิลาแลง กับการสร้างสถาปัตยกรรม นครวัด นครธม | ศิลาเพชร,54,ศิลาแลงเป็นหินปูนหรือหินทรายที่ผ่านการแปรสภาพจากแรงดันและอุณหภูมิสูงเป็นเวลานาน ทำให้มีความแข็งแรงทนทาน สามารถนำมาใช้ในการก่อสร้างอาคารขนาดใหญ่ได้ ศิล...,153,,ศิลาแลง กับการสร้างสถาปัตยกรรม นครวัด นครธม — บทความจากเหมืองศิลาเพชร กำแพงเพชร เขียนจากประสบการณ์หน้างานจริง ไม่ใช่ข้อมูลที่คัดลอกต่อกันมา,139,
https://www.silalang.com/article/7/ศิลาแลง-กับการสร้างสถาปัตยกรรม-รีสอร์ต,ศิลาแลง กับการสร้างสถาปัตยกรรม รีสอร์ต - ศิลาเพชร | ศิลาแลงแท้จากเหมืองกำแพงเพชร : Inspired by LnwShop.com (v2),111,ศิลาแลง กับการสร้างสถาปัตยกรรม รีสอร์ต | ศิลาเพชร,49,ศิลาแลงเป็นวัสดุก่อสร้างพื้นถิ่นในประเทศไทยที่มีมาอย่างยาวนาน มีลักษณะเป็นหินปูนที่เกิดจากการสะสมตัวของตะกอนหินปูนเป็นเวลานาน มีคุณสมบัติแข็งแรงทนทานต...,153,,ศิลาแลง กับการสร้างสถาปัตยกรรม รีสอร์ต — บทความจากเหมืองศิลาเพชร กำแพงเพชร เขียนจากประสบการณ์หน้างานจริง ไม่ใช่ข้อมูลที่คัดลอกต่อกันมา,134,
https://www.silalang.com/article/8/ศิลาแลง-กับการสร้างสถาปัตยกรรม-ประวัติศาสตร์-กำแพงเพชร,ศิลาแลง กับการสร้างสถาปัตยกรรม ประวัติศาสตร์ กำแพงเพชร - ศิลาเพชร | ศิลาแลงแท้จากเหมืองกำแพงเพชร : Inspired by LnwShop.com (v2),127,กับการสร้างสถาปัตยกรรม ประวัติศาสตร์ กำแพงเพชร | ศิลาเพชร,57,ศิลาแลงเป็นหินปูนที่เกิดการแปรสภาพโดยธรรมชาติ มีลักษณะแข็ง ทนทาน ทนต่อการกัดกร่อนได้ดี จึงนิยมนำมาใช้ในการก่อสร้างมาตั้งแต่สมัยโบราณ ในอุทยานประวัติศา...,153,,ศิลาแลง กับการสร้างสถาปัตยกรรม ประวัติศาสตร์ กำแพงเพชร — บทความจากเหมืองศิลาเพชร กำแพงเพชร เขียนจากประสบการณ์หน้างานจริง ไม่ใช่ข้อมูลที่คัดลอกต่อกันมา,150,
https://www.silalang.com/article/9/ศิลาแลง-กับการสร้างสถาปัตยกรรม-ประวัติศาสตร์-สุโขทัย,ศิลาแลง กับการสร้างสถาปัตยกรรม ประวัติศาสตร์ สุโขทัย - ศิลาเพชร | ศิลาแลงแท้จากเหมืองกำแพงเพชร : Inspired by LnwShop.com (v2),125,กับการสร้างสถาปัตยกรรม ประวัติศาสตร์ สุโขทัย | ศิลาเพชร,55,ศิลาแลงเป็นหินปูนชนิดหนึ่งที่มีสีน้ำตาลอมเหลือง พบมากในบริเวณภาคกลางและภาคเหนือของประเทศไทย ศิลาแลงมีความแข็งแรงทนทานต่อการกัดกร่อนของน้ำและอากาศ จึงน...,153,,ศิลาแลง กับการสร้างสถาปัตยกรรม ประวัติศาสตร์ สุโขทัย — บทความจากเหมืองศิลาเพชร กำแพงเพชร เขียนจากประสบการณ์หน้างานจริง ไม่ใช่ข้อมูลที่คัดลอกต่อกันมา,148,
https://www.silalang.com/article/tag/ตกแต่ง,ตกแต่ง - ศิลาเพชร | ศิลาแลงแท้จากเหมืองกำแพงเพชร : Inspired by LnwShop.com (v2),79,ตกแต่ง | ศิลาเพชร,17,ศิลาแลงแท้จากเหมืองศิลาเพชร กำแพงเพชร ตัดตามขนาด ทั้งเหลี่ยม กลม และประติมากรรม ส่งทั่วไทย โทร 091-515-2222 LINE ging6946,121,ซ้ำกับหน้าอื่น,รวมบทความเรื่อง ตกแต่ง จากเหมืองศิลาเพชร กำแพงเพชร อ่านวิธีเลือก วิธีใช้งาน และข้อควรระวังจากคนที่ทำงานกับศิลาแลงจริง,117,
https://www.silalang.com/article/tag/ตำนานเขานางทอง-เขานางทอง-อยู่ในเขตอำเภอพรานกระต่าย,ตำนานเขานางทอง เขานางทอง อยู่ในเขตอำเภอพรานกระต่าย - ศิลาเพชร | ศิลาแลงแท้จากเหมืองกำแพงเพชร : Inspired by LnwShop.com (v2),123,ตำนานเขานางทอง เขานางทอง อยู่ในเขตอำเภอพรานกระต่า | ศิลาเพชร,60,ศิลาแลงแท้จากเหมืองศิลาเพชร กำแพงเพชร ตัดตามขนาด ทั้งเหลี่ยม กลม และประติมากรรม ส่งทั่วไทย โทร 091-515-2222 LINE ging6946,121,ซ้ำกับหน้าอื่น,รวมบทความเรื่อง ตำนานเขานางทอง เขานางทอง อยู่ในเขตอำเภอพรานกระต่าย จากเหมืองศิลาเพชร กำแพงเพชร อ่านวิธีเลือก วิธีใช้งาน,119,
https://www.silalang.com/article/tag/ประดับบ้าน,ประดับบ้าน - ศิลาเพชร | ศิลาแลงแท้จากเหมืองกำแพงเพชร : Inspired by LnwShop.com (v2),83,ประดับบ้าน | ศิลาเพชร,21,ศิลาแลงแท้จากเหมืองศิลาเพชร กำแพงเพชร ตัดตามขนาด ทั้งเหลี่ยม กลม และประติมากรรม ส่งทั่วไทย โทร 091-515-2222 LINE ging6946,121,ซ้ำกับหน้าอื่น,รวมบทความเรื่อง ประดับบ้าน จากเหมืองศิลาเพชร กำแพงเพชร อ่านวิธีเลือก วิธีใช้งาน และข้อควรระวังจากคนที่ทำงานกับศิลาแลงจริง,121,
https://www.silalang.com/article/tag/ประดับสวน,ประดับสวน - ศิลาเพชร | ศิลาแลงแท้จากเหมืองกำแพงเพชร : Inspired by LnwShop.com (v2),82,ประดับสวน | ศิลาเพชร,20,ศิลาแลงแท้จากเหมืองศิลาเพชร กำแพงเพชร ตัดตามขนาด ทั้งเหลี่ยม กลม และประติมากรรม ส่งทั่วไทย โทร 091-515-2222 LINE ging6946,121,ซ้ำกับหน้าอื่น,รวมบทความเรื่อง ประดับสวน จากเหมืองศิลาเพชร กำแพงเพชร อ่านวิธีเลือก วิธีใช้งาน และข้อควรระวังจากคนที่ทำงานกับศิลาแลงจริง,120,
https://www.silalang.com/article/tag/ศิลาแลง,ศิลาแลง - ศิลาเพชร | ศิลาแลงแท้จากเหมืองกำแพงเพชร : Inspired by LnwShop.com (v2),80,ศิลาแลง | ศิลาเพชร,18,ศิลาแลงแท้จากเหมืองศิลาเพชร กำแพงเพชร ตัดตามขนาด ทั้งเหลี่ยม กลม และประติมากรรม ส่งทั่วไทย โทร 091-515-2222 LINE ging6946,121,ซ้ำกับหน้าอื่น,รวมบทความเรื่อง ศิลาแลง จากเหมืองศิลาเพชร กำแพงเพชร อ่านวิธีเลือก วิธีใช้งาน และข้อควรระวังจากคนที่ทำงานกับศิลาแลงจริง,118,
https://www.silalang.com/article/tag/ศิลาแลงสวย,ศิลาแลงสวย - ศิลาเพชร | ศิลาแลงแท้จากเหมืองกำแพงเพชร : Inspired by LnwShop.com (v2),83,ศิลาแลงสวย | ศิลาเพชร,21,ศิลาแลงแท้จากเหมืองศิลาเพชร กำแพงเพชร ตัดตามขนาด ทั้งเหลี่ยม กลม และประติมากรรม ส่งทั่วไทย โทร 091-515-2222 LINE ging6946,121,ซ้ำกับหน้าอื่น,รวมบทความเรื่อง ศิลาแลงสวย จากเหมืองศิลาเพชร กำแพงเพชร อ่านวิธีเลือก วิธีใช้งาน และข้อควรระวังจากคนที่ทำงานกับศิลาแลงจริง,121,
https://www.silalang.com/article/tag/เหมืองศิลาแลง,เหมืองศิลาแลง - ศิลาเพชร | ศิลาแลงแท้จากเหมืองกำแพงเพชร : Inspired by LnwShop.com (v2),86,เหมืองศิลาแลง | ศิลาเพชร,24,ศิลาแลงแท้จากเหมืองศิลาเพชร กำแพงเพชร ตัดตามขนาด ทั้งเหลี่ยม กลม และประติมากรรม ส่งทั่วไทย โทร 091-515-2222 LINE ging6946,121,ซ้ำกับหน้าอื่น,รวมบทความเรื่อง เหมืองศิลาแลง จากเหมืองศิลาเพชร กำแพงเพชร อ่านวิธีเลือก วิธีใช้งาน และข้อควรระวังจากคนที่ทำงานกับศิลาแลงจริง,124,
https://www.silalang.com/category,สินค้าทั้งหมด - ศิลาเพชร | ศิลาแลงแท้จากเหมืองกำแพงเพชร : Inspired by LnwShop.com (v2),86,สินค้าทั้งหมด | ศิลาเพชร,24,ศิลาแลงแท้จากเหมืองศิลาเพชร กำแพงเพชร ตัดตามขนาด ทั้งเหลี่ยม กลม และประติมากรรม ส่งทั่วไทย โทร 091-515-2222 LINE ging6946,121,ซ้ำกับหน้าอื่น,สินค้าทั้งหมด — ดูทุกขนาดและราคาในหมวดนี้ จากเหมืองศิลาเพชร กำแพงเพชร สั่งตัดขนาดพิเศษได้ ส่งทั่วประเทศ โทร 091-515-2222,120,
https://www.silalang.com/category/15/หญ้าเทียม-ราคาถูกที่สุดในโลก,หญ้าเทียม ราคาถูกที่สุดในโลก - ศิลาเพชร | ศิลาแลงแท้จากเหมืองกำแพงเพชร : Inspired by LnwShop.com (v2),101,หญ้าเทียม ราคาถูกที่สุดในโลก | ศิลาเพชร,39,ศิลาแลงแท้จากเหมืองศิลาเพชร กำแพงเพชร ตัดตามขนาด ทั้งเหลี่ยม กลม และประติมากรรม ส่งทั่วไทย โทร 091-515-2222 LINE ging6946,121,ซ้ำกับหน้าอื่น,หญ้าเทียม ราคาถูกที่สุดในโลก — ดูทุกขนาดและราคาในหมวดนี้ จากเหมืองศิลาเพชร กำแพงเพชร สั่งตัดขนาดพิเศษได้ ส่งทั่วประเทศ โทร 091-515-2222,135,
https://www.silalang.com/category/16/หินอ่อน-หินแกรนิต-ปูพื้นวัด,หินอ่อน หินแกรนิต ปูพื้นวัด - ศิลาเพชร | ศิลาแลงแท้จากเหมืองกำแพงเพชร : Inspired by LnwShop.com (v2),100,หินอ่อน หินแกรนิต ปูพื้นวัด | ศิลาเพชร,38,หินอ่อน คืออะไร? หินอ่อนเป็นวัสดุธรรมชาติที่มีคุณค่าทางศิลปะและสถาปัตยกรรมมานานหลายศตวรรษ มีลักษณะเป็นหินที่มีสีสันและลวดลายที่เป็นเอกลักษณ์ ทำให้เป็น...,153,,หินอ่อน หินแกรนิต ปูพื้นวัด — ดูทุกขนาดและราคาในหมวดนี้ จากเหมืองศิลาเพชร กำแพงเพชร สั่งตัดขนาดพิเศษได้ ส่งทั่วประเทศ โทร 091-515-2222,134,
https://www.silalang.com/category/2/หินศิลาแลงแบบเหลี่ยม,ศิลาแลงเหลี่ยม หินศิลาแลงแท้จากเหมือง - ศิลาเพชร | ศิลาแลงแท้จากเหมืองกำแพงเพชร : Inspired by LnwShop.com (v2),110,ศิลาแลงเหลี่ยม หินศิลาแลงแท้จากเหมือง | ศิลาเพชร,48,หินศิลาแลงแบบเหลี่ยมครบทุกขนาด ตัดจากเหมืองของเราเอง สอบถาม 091-515-2222,72,,หินศิลาแลงแบบเหลี่ยม — ดูทุกขนาดและราคาในหมวดนี้ จากเหมืองศิลาเพชร กำแพงเพชร สั่งตัดขนาดพิเศษได้ ส่งทั่วประเทศ โทร 091-515-2222,127,
https://www.silalang.com/category/3/ศิลาแลงแบบกลม,ศิลาแลงกลม หินศิลาแลงทรงกลม - ศิลาเพชร | ศิลาแลงแท้จากเหมืองกำแพงเพชร : Inspired by LnwShop.com (v2),100,ศิลาแลงกลม หินศิลาแลงทรงกลม | ศิลาเพชร,38,หินศิลาแลงทรงกลม หลายขนาดเส้นผ่านศูนย์กลาง เหมาะกับทางเดินในสวน สอบถาม 091-515-2222,83,,ศิลาแลงแบบกลม — ดูทุกขนาดและราคาในหมวดนี้ จากเหมืองศิลาเพชร กำแพงเพชร สั่งตัดขนาดพิเศษได้ ส่งทั่วประเทศ โทร 091-515-2222,120,
https://www.silalang.com/category/4/ประติมากรรมศิลาแลง,ประติมากรรมศิลาแลง งานแกะสลัก - ศิลาเพชร | ศิลาแลงแท้จากเหมืองกำแพงเพชร : Inspired by LnwShop.com (v2),102,ประติมากรรมศิลาแลง งานแกะสลัก | ศิลาเพชร,40,งานประติมากรรมศิลาแลง เช่น ลูกนิมิต ธรรมจักร แกะสลักจากศิลาแลงแท้ สอบถาม 091-515-2222,85,,ประติมากรรมศิลาแลง — ดูทุกขนาดและราคาในหมวดนี้ จากเหมืองศิลาเพชร กำแพงเพชร สั่งตัดขนาดพิเศษได้ ส่งทั่วประเทศ โทร 091-515-2222,125,
https://www.silalang.com/category/5/พระบูชาศิลาแลงอัด,พระบูชาศิลาแลงอัด - ศิลาเพชร | ศิลาแลงแท้จากเหมืองกำแพงเพชร : Inspired by LnwShop.com (v2),90,พระบูชาศิลาแลงอัด | ศิลาเพชร,28,https://www.silalang.com/ ขายส่งหินศิลาแลงราคายุติธรรมจากแห่งผลิตที่ได้ขึ้นชื่อว่าสวยงามและแข็งแรงผลิตจากเหมืองโดยตรงจึงมีราคาถูกกว่าท้องตลาด ไม่ผ่านนา...,154,,พระบูชาศิลาแลงอัด — ดูทุกขนาดและราคาในหมวดนี้ จากเหมืองศิลาเพชร กำแพงเพชร สั่งตัดขนาดพิเศษได้ ส่งทั่วประเทศ โทร 091-515-2222,124,
https://www.silalang.com/category/7/เหมืองศิลาแลง-ของเรา-เหมืองศิลาเพชร,เหมืองศิลาแลง กำแพงเพชร | ศิลาเพชร - ศิลาเพชร | ศิลาแลงแท้จากเหมืองกำแพงเพชร : Inspired by LnwShop.com (v2),107,เหมืองศิลาแลง กำแพงเพชร | ศิลาเพชร,34,เหมืองศิลาแลงของเราเองที่กำแพงเพชร ตัดสดทุกวัน ส่งทั่วประเทศ สอบถาม 091-515-2222,80,,เหมืองศิลาแลง ของเรา เหมืองศิลาเพชร — ดูทุกขนาดและราคาในหมวดนี้ จากเหมืองศิลาเพชร กำแพงเพชร สั่งตัดขนาดพิเศษได้ ส่งทั่วประเทศ โทร 091-515-2222,142,
https://www.silalang.com/category/8/เหมืองศิลาแลง-ของเรา-เหมืองศิลาเพชร/เหมือง-ศิลาเพชรของเราเอง-ครับ,เหมือง ศิลาเพชรของเราเอง ครับ - ศิลาเพชร | ศิลาแลงแท้จากเหมืองกำแพงเพชร : Inspired by LnwShop.com (v2),102,เหมือง ศิลาเพชรของเราเอง ครับ | ศิลาเพชร,40,ศิลาแลง จากวิกิพีเดีย สารานุกรมเสรี การตัดอิฐจากศิลาแลง ในประเทศอินเดีย ศิลาแลง หรือ แม่รัง เป็นวัสดุในธรรมชาติอย่างหนึ่ง มีลักษณะคล้ายกับหิน สีแดง ส้...,153,ซ้ำกับหน้าอื่น,เหมือง ศิลาเพชรของเราเอง ครับ — ดูทุกขนาดและราคาในหมวดนี้ จากเหมืองศิลาเพชร กำแพงเพชร สั่งตัดขนาดพิเศษได้ ส่งทั่วประเทศ โทร 091-515-2222,136,
https://www.silalang.com/contactus,ติดต่อเรา - ศิลาเพชร | ศิลาแลงแท้จากเหมืองกำแพงเพชร : Inspired by LnwShop.com (v2),82,ติดต่อเรา | ศิลาเพชร,20,ศิลาแลงแท้จากเหมืองศิลาเพชร กำแพงเพชร ตัดตามขนาด ทั้งเหลี่ยม กลม และประติมากรรม ส่งทั่วไทย โทร 091-515-2222 LINE ging6946,121,ซ้ำกับหน้าอื่น,ที่อยู่เหมืองศิลาแลงศิลาเพชร จังหวัดกำแพงเพชร แผนที่ และช่องทางติดต่อ โทร 091-515-2222 หรือ LINE ging6946,105,
https://www.silalang.com/how2order,วิธีการสั่งซื้อสินค้า - ศิลาเพชร | ศิลาแลงแท้จากเหมืองกำแพงเพชร : Inspired by LnwShop.com (v2),94,วิธีการสั่งซื้อสินค้า | ศิลาเพชร,32,ศิลาแลงแท้จากเหมืองศิลาเพชร กำแพงเพชร ตัดตามขนาด ทั้งเหลี่ยม กลม และประติมากรรม ส่งทั่วไทย โทร 091-515-2222 LINE ging6946,121,ซ้ำกับหน้าอื่น,ขั้นตอนสั่งซื้อศิลาแลงจากเหมืองศิลาเพชร ตั้งแต่แจ้งขนาดและจำนวน คำนวณค่าขนส่ง จนถึงจัดส่งถึงหน้างานทั่วประเทศ,109,
https://www.silalang.com/informpayment,แจ้งชำระเงิน - ศิลาเพชร | ศิลาแลงแท้จากเหมืองกำแพงเพชร : Inspired by LnwShop.com (v2),85,แจ้งชำระเงิน | ศิลาเพชร,23,ศิลาแลงแท้จากเหมืองศิลาเพชร กำแพงเพชร ตัดตามขนาด ทั้งเหลี่ยม กลม และประติมากรรม ส่งทั่วไทย โทร 091-515-2222 LINE ging6946,121,ซ้ำกับหน้าอื่น,แจ้งชำระเงินสำหรับคำสั่งซื้อศิลาแลงและพระบูชาศิลาแลงอัดจากเหมืองศิลาเพชร กำแพงเพชร พร้อมขั้นตอนยืนยัน,101,
https://www.silalang.com/product/10/%E0%B8%AB%E0%B8%B4%E0%B8%99%E0%B8%A8%E0%B8%B4%E0%B8%A5%E0%B8%B2%E0%B9%81%E0%B8%A5%E0%B8%87%E0%B8%81%E0%B8%A5%E0%B8%A1-%E0%B8%82%E0%B8%99%E0%B8%B2%E0%B8%94%E0%B9%80%E0%B8%AA%E0%B9%89%E0%B8%99%E0%B8%9C%E0%B9%88%E0%B8%B2%E0%B8%99%E0%B8%A8%E0%B8%B9%E0%B8%99%E0%B8%A2%E0%B9%8C%E0%B8%81%E0%B8%A5%E0%B8%B2%E0%B8%8740%E0%B9%80%E0%B8%8B%E0%B8%99%E0%B8%95%E0%B8%B4%E0%B9%80%E0%B8%A1%E0%B8%95%E0%B8%A3,หินศิลาแลงกลม เส้นผ่านศูนย์กลาง 40 ซม. - ศิลาเพชร | ศิลาแลงแท้จากเหมืองกำแพงเพชร : Inspired by LnwShop.com (v2),111,หินศิลาแลงกลม เส้นผ่านศูนย์กลาง 40 ซม. | ศิลาเพชร,49,หินศิลาแลงทรงกลม เส้นผ่านศูนย์กลาง 40 ซม. เหมาะกับทางเดินสนามหญ้า สอบถาม 091-515-2222,85,,หินศิลาแลงกลม เส้นผ่านศูนย์กลาง 40 ซม. ตัดเป็นทรงกลมจากก้อนศิลาแลงแท้ ผิวพรุนสีน้ำตาลส้มธรรมชาติ ราคา 350 บาทต่อก้อน,116,
https://www.silalang.com/product/11/%E0%B8%AB%E0%B8%B4%E0%B8%99%E0%B8%A8%E0%B8%B4%E0%B8%A5%E0%B8%B2%E0%B9%81%E0%B8%A5%E0%B8%87%E0%B8%81%E0%B8%A5%E0%B8%A1-%E0%B8%82%E0%B8%99%E0%B8%B2%E0%B8%94%E0%B9%80%E0%B8%AA%E0%B9%89%E0%B8%99%E0%B8%9C%E0%B9%88%E0%B8%B2%E0%B8%99%E0%B8%A8%E0%B8%B9%E0%B8%99%E0%B8%A2%E0%B9%8C%E0%B8%81%E0%B8%A5%E0%B8%B2%E0%B8%8750%E0%B9%80%E0%B8%8B%E0%B8%99%E0%B8%95%E0%B8%B4%E0%B9%80%E0%B8%A1%E0%B8%95%E0%B8%A3,หินศิลาแลงกลม เส้นผ่านศูนย์กลาง 50 ซม. - ศิลาเพชร | ศิลาแลงแท้จากเหมืองกำแพงเพชร : Inspired by LnwShop.com (v2),111,หินศิลาแลงกลม เส้นผ่านศูนย์กลาง 50 ซม. | ศิลาเพชร,49,หินศิลาแลงทรงกลม เส้นผ่านศูนย์กลาง 50 ซม. แผ่นใหญ่สำหรับทางเดินสวน สอบถาม 091-515-2222,86,,หินศิลาแลงกลม เส้นผ่านศูนย์กลาง 50 ซม. ตัดเป็นทรงกลมจากก้อนศิลาแลงแท้ ผิวพรุนสีน้ำตาลส้มธรรมชาติ เป็นขนาดใหญ่ที่สุดในกลุ่มทรงกลม ราคา 500 บาทต่อก้อน,148,
https://www.silalang.com/product/12/%E0%B8%A5%E0%B8%B9%E0%B8%81%E0%B8%99%E0%B8%B4%E0%B8%A1%E0%B8%B4%E0%B8%95%E0%B8%A3-%E0%B8%A8%E0%B8%B4%E0%B8%A5%E0%B8%B2%E0%B9%81%E0%B8%A5%E0%B8%87-%E0%B8%82%E0%B8%99%E0%B8%B2%E0%B8%9440%E0%B9%80%E0%B8%8B%E0%B8%99%E0%B8%95%E0%B8%B4%E0%B9%80%E0%B8%A1%E0%B8%95%E0%B8%A3,ลูกนิมิตศิลาแลง ขนาด 40 ซม. - ศิลาเพชร | ศิลาแลงแท้จากเหมืองกำแพงเพชร : Inspired by LnwShop.com (v2),100,ลูกนิมิตศิลาแลง ขนาด 40 ซม. | ศิลาเพชร,38,ลูกนิมิตแกะสลักจากศิลาแลงแท้ ขนาด 40 ซม. สำหรับงานวัดและพิธีมงคล สอบถาม 091-515-2222,84,,ลูกนิมิตศิลาแลง ขนาดเส้นผ่านศูนย์กลาง 40 ซม. แกะและกลึงเป็นทรงกลมจากก้อนศิลาแลงแท้ทั้งก้อน ไม่ใช่งานหล่อ ผิวพรุนสีน้ำตาลส้มธรรมชาติตามเนื้อหินจริง ราคา,151,
https://www.silalang.com/product/13/%E0%B8%98%E0%B8%A3%E0%B8%A3%E0%B8%A1%E0%B8%88%E0%B8%B1%E0%B8%81%E0%B8%A3-%E0%B8%A8%E0%B8%B4%E0%B8%A5%E0%B8%B2%E0%B9%81%E0%B8%A5%E0%B8%87-%E0%B8%82%E0%B8%99%E0%B8%B2%E0%B8%94-1%E0%B9%80%E0%B8%A1%E0%B8%95%E0%B8%A3,ธรรมจักรศิลาแลง ขนาด 1 เมตร - ศิลาเพชร | ศิลาแลงแท้จากเหมืองกำแพงเพชร : Inspired by LnwShop.com (v2),100,ธรรมจักรศิลาแลง ขนาด 1 เมตร | ศิลาเพชร,38,ธรรมจักรแกะสลักจากศิลาแลงแท้ ขนาด 1 เมตร สำหรับงานวัดและสถานที่ปฏิบัติธรรม สอบถาม 091-515-2222,94,,"ธรรมจักรศิลาแลง ขนาดเส้นผ่านศูนย์กลาง 1 เมตร แกะสลักจากก้อนศิลาแลงแท้ ผิวพรุนสีน้ำตาลส้มธรรมชาติ ราคา 18,000 บาท ธรรมจักรเป็นสัญลักษณ์แทนการแสดงปฐมเทศนา",152,
https://www.silalang.com/product/14/%E0%B8%9E%E0%B8%A3%E0%B8%B0%E0%B8%A8%E0%B8%B4%E0%B8%A5%E0%B8%B2%E0%B9%81%E0%B8%A5%E0%B8%87%E0%B8%AD%E0%B8%B1%E0%B8%94-%E0%B8%A4%E0%B8%B2%E0%B8%A9%E0%B8%B5%E0%B8%95%E0%B8%B2%E0%B9%84%E0%B8%9F-%E0%B8%82%E0%B8%99%E0%B8%B2%E0%B8%94%E0%B8%AA%E0%B8%B9%E0%B8%87-16-%E0%B8%99%E0%B8%B4%E0%B9%89%E0%B8%A7-%E0%B8%AB%E0%B8%99%E0%B9%89%E0%B8%B2%E0%B8%95%E0%B8%B1%E0%B8%81%E0%B8%81%E0%B8%A7%E0%B9%89%E0%B8%B2%E0%B8%87-9-%E0%B8%99%E0%B8%B4%E0%B9%89%E0%B8%A7,พระศิลาแลงอัด ฤาษีตาไฟ สูง 16 นิ้ว - ศิลาเพชร | ศิลาแลงแท้จากเหมืองกำแพงเพชร : Inspired by LnwShop.com (v2),107,พระศิลาแลงอัด ฤาษีตาไฟ สูง 16 นิ้ว | ศิลาเพชร,45,พระฤาษีตาไฟ เนื้อศิลาแลงอัด สูง 16 นิ้ว หน้าตักกว้าง 9 นิ้ว สอบถาม 091-515-2222,79,,พระฤาษีตาไฟ ศิลาแลงอัด สูง 16 นิ้ว หน้าตักกว้าง 9 นิ้ว พระฤาษีตาไฟเป็นครูฤาษีที่คนไทยนับถือในฐานะครูของวิชาอาคมและวิชาช่าง,122,
https://www.silalang.com/product/140/%E0%B8%AB%E0%B8%8D%E0%B9%89%E0%B8%B2%E0%B9%80%E0%B8%97%E0%B8%B5%E0%B8%A2%E0%B8%A1%E0%B8%AA%E0%B8%B5%E0%B8%98%E0%B8%A3%E0%B8%A3%E0%B8%A1%E0%B8%8A%E0%B8%B2%E0%B8%95%E0%B8%B4-20-%E0%B8%A1%E0%B8%B4%E0%B8%A5%E0%B8%A5%E0%B8%B4%E0%B9%80%E0%B8%A1%E0%B8%95%E0%B8%A3-%E0%B8%A3%E0%B8%B2%E0%B8%84%E0%B8%B2%E0%B8%95%E0%B9%88%E0%B8%AD%E0%B8%95%E0%B8%B2%E0%B8%A3%E0%B8%B2%E0%B8%87%E0%B9%80%E0%B8%A1%E0%B8%95%E0%B8%A3,หญ้าเทียม 20 มม. สีธรรมชาติ ปูพื้นในร่มและงานอีเวนต์ - ศิลาเพชร | ศิลาแลงแท้จากเหมืองกำแพงเพชร : Inspired by LnwShop.com (v2),125,หญ้าเทียม 20 มม. สีธรรมชาติ | ศิลาเพชร,38,หญ้าเทียม 20 มม. สีธรรมชาติ เหมาะกับปูพื้นในร่ม จัดอีเวนต์และตกแต่งสวน สอบถาม 091-515-2222,90,,หญ้าเทียม 20 มม. สีธรรมชาติ — 250 บาทต่อตารางเมตร ความสูงขน 20 มิลลิเมตร เป็นรุ่นกลางค่อนไปทางสั้น ยืนตรงได้ดีกว่ารุ่น 10 มม.,125,
https://www.silalang.com/product/141/%E0%B8%AB%E0%B8%8D%E0%B9%89%E0%B8%B2%E0%B9%80%E0%B8%97%E0%B8%B5%E0%B8%A2%E0%B8%A1%E0%B8%AA%E0%B8%B5%E0%B8%98%E0%B8%A3%E0%B8%A3%E0%B8%A1%E0%B8%8A%E0%B8%B2%E0%B8%95%E0%B8%B4-25-%E0%B8%A1%E0%B8%B4%E0%B8%A5%E0%B8%A5%E0%B8%B4%E0%B9%80%E0%B8%A1%E0%B8%95%E0%B8%A3-%E0%B8%A3%E0%B8%B2%E0%B8%84%E0%B8%B2%E0%B8%95%E0%B9%88%E0%B8%AD%E0%B8%95%E0%B8%B2%E0%B8%A3%E0%B8%B2%E0%B8%87%E0%B9%80%E0%B8%A1%E0%B8%95%E0%B8%A3,หญ้าเทียม 25 มม. สีธรรมชาติ ติดตั้งถาวรในร่มและกลางแจ้ง - ศิลาเพชร | ศิลาแลงแท้จากเหมืองกำแพงเพชร : Inspired by LnwShop.com (v2),128,หญ้าเทียม 25 มม. สีธรรมชาติ | ศิลาเพชร,38,หญ้าเทียม 25 มม. สีธรรมชาติ ติดตั้งถาวรได้ทั้งในร่มและกลางแจ้ง เหมาะกับปูพื้นสวนและบริเวณบ้าน สอบถาม 091-515-2222,113,,หญ้าเทียม 25 มม. สีธรรมชาติ — 300 บาทต่อตารางเมตร ความสูงขน 25 มิลลิเมตร เป็นจุดสมดุลระหว่างความสวยกับความทนทาน ติดตั้งถาวรได้ทั้งในร่มและกลางแจ้ง,146,
https://www.silalang.com/product/142/%E0%B8%AB%E0%B8%8D%E0%B9%89%E0%B8%B2%E0%B9%80%E0%B8%97%E0%B8%B5%E0%B8%A2%E0%B8%A1%E0%B8%AA%E0%B8%B5%E0%B8%98%E0%B8%A3%E0%B8%A3%E0%B8%A1%E0%B8%8A%E0%B8%B2%E0%B8%95%E0%B8%B4-30-%E0%B8%A1%E0%B8%B4%E0%B8%A5%E0%B8%A5%E0%B8%B4%E0%B9%80%E0%B8%A1%E0%B8%95%E0%B8%A3-%E0%B8%A3%E0%B8%B2%E0%B8%84%E0%B8%B2%E0%B8%95%E0%B9%88%E0%B8%AD%E0%B8%95%E0%B8%B2%E0%B8%A3%E0%B8%B2%E0%B8%87%E0%B9%80%E0%B8%A1%E0%B8%95%E0%B8%A3,หญ้าเทียม 30 มม. สีธรรมชาติ สำหรับตกแต่งสวนและบริเวณบ้าน - ศิลาเพชร | ศิลาแลงแท้จากเหมืองกำแพงเพชร : Inspired by LnwShop.com (v2),129,หญ้าเทียม 30 มม. สีธรรมชาติ | ศิลาเพชร,38,หญ้าเทียม 30 มม. สีธรรมชาติ ขนยาวนุ่ม เหมาะกับตกแต่งสวนและปูพื้นบริเวณบ้าน สอบถาม 091-515-2222,94,,หญ้าเทียม 30 มม. สีธรรมชาติ — 350 บาทต่อตารางเมตร ความสูงขน 30 มิลลิเมตร ขนยาวนุ่ม ให้ความรู้สึกใกล้เคียงหญ้าจริงมากที่สุดในกลุ่มราคานี้,136,
https://www.silalang.com/product/143/%E0%B8%AB%E0%B8%8D%E0%B9%89%E0%B8%B2%E0%B9%80%E0%B8%97%E0%B8%B5%E0%B8%A2%E0%B8%A1%E0%B8%AA%E0%B8%B5%E0%B8%98%E0%B8%A3%E0%B8%A3%E0%B8%A1%E0%B8%8A%E0%B8%B2%E0%B8%95%E0%B8%B4-10-%E0%B8%A1%E0%B8%B4%E0%B8%A5%E0%B8%A5%E0%B8%B4%E0%B9%80%E0%B8%A1%E0%B8%95%E0%B8%A3-%E0%B8%A3%E0%B8%B2%E0%B8%84%E0%B8%B2%E0%B8%95%E0%B9%88%E0%B8%AD%E0%B8%95%E0%B8%B2%E0%B8%A3%E0%B8%B2%E0%B8%87%E0%B9%80%E0%B8%A1%E0%B8%95%E0%B8%A3,หญ้าเทียม 10 มม. ขนสั้น ปูพื้นในร่มและกรุผนัง - ศิลาเพชร | ศิลาแลงแท้จากเหมืองกำแพงเพชร : Inspired by LnwShop.com (v2),118,หญ้าเทียม 10 มม. ขนสั้น ปูพื้นในร่มและกรุผนัง | ศิลาเพชร,56,หญ้าเทียมขนสั้น 10 มม. เหมาะกับปูพื้นในร่ม กรุผนัง และงานจัดกิจกรรม สอบถาม 091-515-2222,87,,หญ้าเทียมขนสั้น 10 มม. สีธรรมชาติ — 200 บาทต่อตารางเมตร ความสูงขน 10 มิลลิเมตร เป็นรุ่นขนสั้นที่สุดและถูกที่สุดของเรา ผิวเรียบแน่น เดินแล้วไม่ยวบ,145,
https://www.silalang.com/product/144/%E0%B8%AB%E0%B8%8D%E0%B9%89%E0%B8%B2%E0%B9%80%E0%B8%97%E0%B8%B5%E0%B8%A2%E0%B8%A1-3-5-%E0%B8%A1%E0%B8%B4%E0%B8%A5%E0%B8%A5%E0%B8%B4%E0%B9%80%E0%B8%A1%E0%B8%95%E0%B8%A3-%E0%B8%AA%E0%B8%B5%E0%B8%98%E0%B8%A3%E0%B8%A3%E0%B8%A1%E0%B8%8A%E0%B8%B2%E0%B8%95%E0%B8%B4-%E0%B8%A3%E0%B8%B2%E0%B8%84%E0%B8%B2%E0%B8%95%E0%B9%88%E0%B8%AD%E0%B8%95%E0%B8%B2%E0%B8%A3%E0%B8%B2%E0%B8%87%E0%B9%80%E0%B8%A1%E0%B8%95%E0%B8%A3,หญ้าเทียม 3.5 มม. สีเข้ม สัมผัสนุ่มเหมือนหญ้าจริง - ศิลาเพชร | ศิลาแลงแท้จากเหมืองกำแพงเพชร : Inspired by LnwShop.com (v2),122,หญ้าเทียม 3.5 มม. สีเข้ม สัมผัสนุ่มเหมือนหญ้าจริง | ศิลาเพชร,60,หญ้าเทียม 3.5 มม. สีเข้ม เคลือบ UV สัมผัสนุ่มเหมือนหญ้าจริง เหมาะกับปูพื้นและตกแต่งสวน สอบถาม 091-515-2222,106,,หญ้าเทียม 3.5 ซม. (35 มม.) สีเข้ม เคลือบ UV — 350 บาทต่อตารางเมตร ความสูงขน 3.5 เซนติเมตร สีเขียวเข้มสด สัมผัสนุ่มเหมือนหญ้าจริง เคลือบสารกัน UV,144,
https://www.silalang.com/product/145/%E0%B8%AB%E0%B8%8D%E0%B9%89%E0%B8%B2%E0%B9%80%E0%B8%97%E0%B8%B5%E0%B8%A2%E0%B8%A1%E0%B8%AA%E0%B8%B5%E0%B8%98%E0%B8%A3%E0%B8%A3%E0%B8%A1%E0%B8%8A%E0%B8%B2%E0%B8%95%E0%B8%B4-4-%E0%B8%A1%E0%B8%B4%E0%B8%A5%E0%B8%A5%E0%B8%B4%E0%B9%80%E0%B8%A1%E0%B8%95%E0%B8%A3-%E0%B8%A3%E0%B8%B2%E0%B8%84%E0%B8%B2%E0%B8%95%E0%B9%88%E0%B8%AD%E0%B8%95%E0%B8%B2%E0%B8%A3%E0%B8%B2%E0%B8%87%E0%B9%80%E0%B8%A1%E0%B8%95%E0%B8%A3,หญ้าเทียม 4 มม. สำหรับสนามกอล์ฟและสนามฟุตบอล - ศิลาเพชร | ศิลาแลงแท้จากเหมืองกำแพงเพชร : Inspired by LnwShop.com (v2),117,หญ้าเทียม 4 มม. สำหรับสนามกอล์ฟและสนามฟุตบอล | ศิลาเพชร,55,หญ้าเทียม 4 มม. สำหรับสนามกอล์ฟและสนามฟุตบอล ตัดตกแต่งง่าย ดูแลรักษาสะดวก สอบถาม 091-515-2222,93,,หญ้าเทียม 4 ซม. (40 มม.) สำหรับสนามกีฬา — 450 บาทต่อตารางเมตร ความสูงขน 4 เซนติเมตร ขนหยิกทอแน่น ออกแบบมาสำหรับสนามกอล์ฟและสนามฟุตบอลโดยเฉพาะ,141,
https://www.silalang.com/product/146/%E0%B8%AB%E0%B8%8D%E0%B9%89%E0%B8%B2%E0%B9%80%E0%B8%97%E0%B8%B5%E0%B8%A2%E0%B8%A1%E0%B8%AA%E0%B8%B5%E0%B8%98%E0%B8%A3%E0%B8%A3%E0%B8%A1%E0%B8%8A%E0%B8%B2%E0%B8%95%E0%B8%B4-%E0%B8%AA%E0%B8%B9%E0%B8%87-4-5-%E0%B8%A1%E0%B8%B4%E0%B8%A5%E0%B8%A5%E0%B8%B4%E0%B9%80%E0%B8%A1%E0%B8%95%E0%B8%A3-%E0%B8%A3%E0%B8%B2%E0%B8%84%E0%B8%B2%E0%B8%82%E0%B8%B2%E0%B8%A2%E0%B8%95%E0%B9%88%E0%B8%AD%E0%B8%A1%E0%B8%B4%E0%B8%A5%E0%B8%A5%E0%B8%B4%E0%B9%80%E0%B8%A1%E0%B8%95%E0%B8%A3,หญ้าเทียม 4.5 มม. สีธรรมชาติ ปูสนามและตกแต่งอาคาร - ศิลาเพชร | ศิลาแลงแท้จากเหมืองกำแพงเพชร : Inspired by LnwShop.com (v2),122,หญ้าเทียม 4.5 มม. สีธรรมชาติ ปูสนามและตกแต่งอาคาร | ศิลาเพชร,60,หญ้าเทียม 4.5 มม. สีธรรมชาติ ทอแน่น เหมาะกับปูสนาม ตกแต่งสวนและภายในอาคาร สอบถาม 091-515-2222,93,,หญ้าเทียม 4.5 ซม. (45 มม.) สีธรรมชาติ ทอแน่น — 500 บาทต่อตารางเมตร ความสูงขน 4.5 เซนติเมตร เป็นรุ่นสูงสุดและแน่นที่สุดของเรา ทอถี่จนแทบไม่เห็นแผ่นรอง,149,
https://www.silalang.com/product/147/%E0%B8%AB%E0%B8%B4%E0%B8%99%E0%B8%AD%E0%B9%88%E0%B8%AD%E0%B8%99-%E0%B8%AB%E0%B8%B4%E0%B8%A1%E0%B8%B2%E0%B8%A5%E0%B8%B2%E0%B8%A2%E0%B8%B1%E0%B8%99-%E0%B8%82%E0%B8%99%E0%B8%B2%E0%B8%943060%E0%B9%80%E0%B8%8B%E0%B8%99%E0%B8%95%E0%B8%B4%E0%B9%80%E0%B8%A1%E0%B8%95%E0%B8%A3-%E0%B8%A3%E0%B8%B2%E0%B8%84%E0%B8%B2%E0%B8%95%E0%B9%88%E0%B8%AD%E0%B8%95%E0%B8%B2%E0%B8%A3%E0%B8%B2%E0%B8%87%E0%B9%80%E0%B8%A1%E0%B8%95%E0%B8%A3,หินอ่อน หิมาลายัน ขนาด30*60เซนติเมตร (ราคาต่อตารางเมตร) - ศิลาเพชร | ศิลาแลงแท้จากเหมืองกำแพงเพชร : Inspired by LnwShop.com (v2),128,หินอ่อน หิมาลายัน ขนาด30*60เซนติเมตร | ศิลาเพชร,47,หินอ่อน หิมาลายันไวท์ เป็นหินอ่อนสีขาวที่มีลวดลายละเอียดอ่อน มักมีลายเส้นสีเทาอ่อนหรือสีเงินที่เกิดจากการผสมของแร่ธาตุต่างๆ ภายในหิน ทำให้หินประเภทนี้...,153,ซ้ำกับหน้าอื่น,"หินอ่อนหิมาลายันไวท์ ขนาด 30 × 60 ซม. — 1,750 บาทต่อตารางเมตร หินอ่อนสีขาวลายเส้นเทาอ่อนถึงเทาเงิน เส้นลายละเอียดและกระจายทั่วแผ่น",130,
https://www.silalang.com/product/148/%E0%B8%AB%E0%B8%B4%E0%B8%99%E0%B8%AD%E0%B9%88%E0%B8%AD%E0%B8%99-%E0%B8%AB%E0%B8%B4%E0%B8%A1%E0%B8%B2%E0%B8%A5%E0%B8%B2%E0%B8%A2%E0%B8%B1%E0%B8%99-%E0%B8%82%E0%B8%99%E0%B8%B2%E0%B8%946060%E0%B9%80%E0%B8%8B%E0%B8%99%E0%B8%95%E0%B8%B4%E0%B9%80%E0%B8%A1%E0%B8%95%E0%B8%A3-%E0%B8%A3%E0%B8%B2%E0%B8%84%E0%B8%B2%E0%B8%95%E0%B9%88%E0%B8%AD%E0%B8%95%E0%B8%B2%E0%B8%A3%E0%B8%B2%E0%B8%87%E0%B9%80%E0%B8%A1%E0%B8%95%E0%B8%A3,หินอ่อน หิมาลายัน ขนาด60*60เซนติเมตร (ราคาต่อตารางเมตร) - ศิลาเพชร | ศิลาแลงแท้จากเหมืองกำแพงเพชร : Inspired by LnwShop.com (v2),128,หินอ่อน หิมาลายัน ขนาด60*60เซนติเมตร | ศิลาเพชร,47,หินอ่อน หิมาลายันไวท์ เป็นหินอ่อนสีขาวที่มีลวดลายละเอียดอ่อน มักมีลายเส้นสีเทาอ่อนหรือสีเงินที่เกิดจากการผสมของแร่ธาตุต่างๆ ภายในหิน ทำให้หินประเภทนี้...,153,ซ้ำกับหน้าอื่น,"หินอ่อนหิมาลายันไวท์ ขนาด 60 × 60 ซม. — 2,650 บาทต่อตารางเมตร หินอ่อนขาวลายเส้นเทาละเอียด แผ่นใหญ่ 60 × 60 ซม. ให้แนวร่องยาแบ่งพื้นน้อยกว่าครึ่งหนึ่งเมื่อเ",155,
https://www.silalang.com/product/149/%E0%B8%AB%E0%B8%B4%E0%B8%99%E0%B9%81%E0%B8%81%E0%B8%A3%E0%B8%99%E0%B8%B4%E0%B8%95%E0%B8%94%E0%B8%B3%E0%B9%80%E0%B8%81%E0%B8%A5%E0%B9%87%E0%B8%94%E0%B8%97%E0%B8%AD%E0%B8%87-%E0%B8%82%E0%B8%99%E0%B8%B2%E0%B8%946060%E0%B9%80%E0%B8%8B%E0%B8%99%E0%B8%95%E0%B8%B4%E0%B9%80%E0%B8%A1%E0%B8%95%E0%B8%A3-%E0%B8%A3%E0%B8%B2%E0%B8%84%E0%B8%B2%E0%B8%95%E0%B9%88%E0%B8%AD%E0%B8%95%E0%B8%B2%E0%B8%A3%E0%B8%B2%E0%B8%87%E0%B9%80%E0%B8%A1%E0%B8%95%E0%B8%A3,หินแกรนิตดำเกล็ดทอง 60x60 ซม. ราคาต่อตารางเมตร - ศิลาเพชร | ศิลาแลงแท้จากเหมืองกำแพงเพชร : Inspired by LnwShop.com (v2),119,หินแกรนิตดำเกล็ดทอง 60x60 ซม. ราคาต่อตารางเมตร | ศิลาเพชร,57,หินแกรนิตดำเกล็ดทอง ขนาด 60x60 ซม. ผิวสวยแข็งแรงทนทาน เหมาะสำหรับปูพื้นและผนัง สั่งซื้อโทร 091-515-2222,103,,"หินแกรนิตดำเกล็ดทอง ขนาด 60 × 60 ซม. — 2,050 บาทต่อตารางเมตร หินแกรนิตดำเกล็ดทองแผ่นใหญ่ 60 × 60 ซม. ประกายเกล็ดทองบนพื้นดำ ให้พื้นที่ดูต่อเนื่อง",145,
https://www.silalang.com/product/150/%E0%B8%AB%E0%B8%B4%E0%B8%99%E0%B9%81%E0%B8%81%E0%B8%A3%E0%B8%99%E0%B8%B4%E0%B8%95-%E0%B9%84%E0%B8%A7%E0%B8%97%E0%B9%8C%E0%B9%80%E0%B8%9E%E0%B8%B4%E0%B8%A3%E0%B9%8C%E0%B8%A5-%E0%B8%82%E0%B8%99%E0%B8%B2%E0%B8%943060%E0%B9%80%E0%B8%8B%E0%B8%99%E0%B8%95%E0%B8%B4%E0%B9%80%E0%B8%A1%E0%B8%95%E0%B8%A3-%E0%B8%9E%E0%B9%88%E0%B8%99%E0%B8%97%E0%B8%A3%E0%B8%B2%E0%B8%A2%E0%B8%A3%E0%B8%B2%E0%B8%84%E0%B8%B2%E0%B8%95%E0%B9%88%E0%B8%AD%E0%B8%95%E0%B8%B2%E0%B8%A3%E0%B8%B2%E0%B8%87%E0%B9%80%E0%B8%A1%E0%B8%95%E0%B8%A3,หินแกรนิต ไวท์เพิร์ล ขนาด30*60เซนติเมตร พ่นทราย(ราคาต่อตารางเมตร) - ศิลาเพชร | ศิลาแลงแท้จากเหมืองกำแพงเพชร : Inspired by LnwShop.com (v2),138,หินแกรนิต ไวท์เพิร์ล ขนาด30*60เซนติเมตร | ศิลาเพชร,50,หินแกรนิตสีเทา เป็นหินอัคนีที่มีความนิยมสูงในการนำมาใช้ในงานก่อสร้างและตกแต่ง ด้วยคุณสมบัติที่แข็งแรง ทนทาน และมีลวดลายที่เป็นธรรมชาติ หินแกรนิตสีเทาม...,153,ซ้ำกับหน้าอื่น,"หินแกรนิตไวท์เพิร์ล ขนาด 30 × 60 ซม. ผิวพ่นทราย — 1,450 บาทต่อตารางเมตร หินแกรนิตสีเทาอ่อนอมขาว มีเม็ดแร่กระจายสม่ำเสมอทั้งแผ่น",127,
https://www.silalang.com/product/151/%E0%B8%AB%E0%B8%B4%E0%B8%99%E0%B9%81%E0%B8%81%E0%B8%A3%E0%B8%99%E0%B8%B4%E0%B8%95%E0%B8%94%E0%B8%B3%E0%B9%80%E0%B8%81%E0%B8%A5%E0%B9%87%E0%B8%94%E0%B8%97%E0%B8%AD%E0%B8%87-%E0%B8%82%E0%B8%99%E0%B8%B2%E0%B8%943060%E0%B9%80%E0%B8%8B%E0%B8%99%E0%B8%95%E0%B8%B4%E0%B9%80%E0%B8%A1%E0%B8%95%E0%B8%A3-%E0%B8%A3%E0%B8%B2%E0%B8%84%E0%B8%B2%E0%B8%95%E0%B9%88%E0%B8%AD%E0%B8%95%E0%B8%B2%E0%B8%A3%E0%B8%B2%E0%B8%87%E0%B9%80%E0%B8%A1%E0%B8%95%E0%B8%A3,หินแกรนิตดำเกล็ดทอง ขนาด30*60เซนติเมตร (ราคาต่อตารางเมตร) - ศิลาเพชร | ศิลาแลงแท้จากเหมืองกำแพงเพชร : Inspired by LnwShop.com (v2),130,หินแกรนิตดำเกล็ดทอง ขนาด30*60เซนติเมตร | ศิลาเพชร,49,หินแกรนิตสีดำ เป็นหินอัคนีที่มีความโดดเด่นในด้านความแข็งแรง ทนทาน และมีความสวยงามแบบเรียบง่ายแต่ทรงพลัง หินแกรนิตสีดำมักจะมีลวดลายที่ละเอียดอ่อนหรือไม...,153,,"หินแกรนิตดำเกล็ดทอง ขนาด 30 × 60 ซม. — 1,750 บาทต่อตารางเมตร หินแกรนิตสีดำที่มีเกล็ดแร่สีทองกระจายทั่วแผ่น เวลาโดนแสงจะเห็นประกายวิบวับ",135,
https://www.silalang.com/product/152/%E0%B8%AB%E0%B8%B4%E0%B8%99%E0%B9%81%E0%B8%81%E0%B8%A3%E0%B8%99%E0%B8%B4%E0%B8%95-%E0%B9%84%E0%B8%A7%E0%B8%97%E0%B9%8C%E0%B9%80%E0%B8%9E%E0%B8%B4%E0%B8%A3%E0%B9%8C%E0%B8%A5-%E0%B8%82%E0%B8%99%E0%B8%B2%E0%B8%946060%E0%B9%80%E0%B8%8B%E0%B8%99%E0%B8%95%E0%B8%B4%E0%B9%80%E0%B8%A1%E0%B8%95%E0%B8%A3-%E0%B8%9E%E0%B9%88%E0%B8%99%E0%B8%97%E0%B8%A3%E0%B8%B2%E0%B8%A2%E0%B8%A3%E0%B8%B2%E0%B8%84%E0%B8%B2%E0%B8%95%E0%B9%88%E0%B8%AD%E0%B8%95%E0%B8%B2%E0%B8%A3%E0%B8%B2%E0%B8%87%E0%B9%80%E0%B8%A1%E0%B8%95%E0%B8%A3,หินแกรนิต ไวท์เพิร์ล ขนาด60*60เซนติเมตร พ่นทราย(ราคาต่อตารางเมตร) - ศิลาเพชร | ศิลาแลงแท้จากเหมืองกำแพงเพชร : Inspired by LnwShop.com (v2),138,หินแกรนิต ไวท์เพิร์ล ขนาด60*60เซนติเมตร | ศิลาเพชร,50,หินแกรนิตสีเทา เป็นหินอัคนีที่มีความนิยมสูงในการนำมาใช้ในงานก่อสร้างและตกแต่ง ด้วยคุณสมบัติที่แข็งแรง ทนทาน และมีลวดลายที่เป็นธรรมชาติ หินแกรนิตสีเทาม...,153,ซ้ำกับหน้าอื่น,"หินแกรนิตไวท์เพิร์ล ขนาด 60 × 60 ซม. ผิวพ่นทราย — 1,850 บาทต่อตารางเมตร หินแกรนิตเทาอ่อนอมขาว ผิวพ่นทรายกันลื่น แผ่นใหญ่ 60 × 60 ซม.",132,
https://www.silalang.com/product/16/%E0%B8%9E%E0%B8%A3%E0%B8%B0%E0%B8%A8%E0%B8%B4%E0%B8%A5%E0%B8%B2%E0%B9%81%E0%B8%A5%E0%B8%87%E0%B8%AD%E0%B8%B1%E0%B8%94-%E0%B8%AB%E0%B8%A5%E0%B8%A7%E0%B8%87%E0%B8%9B%E0%B8%B9%E0%B9%88%E0%B8%A4%E0%B8%A9%E0%B8%B5-%E0%B8%82%E0%B8%99%E0%B8%B2%E0%B8%94%E0%B8%AA%E0%B8%B9%E0%B8%87-16-%E0%B8%99%E0%B8%B4%E0%B9%89%E0%B8%A7-%E0%B8%AB%E0%B8%99%E0%B9%89%E0%B8%B2%E0%B8%95%E0%B8%B1%E0%B8%81%E0%B8%81%E0%B8%A7%E0%B9%89%E0%B8%B2%E0%B8%87-9-%E0%B8%99%E0%B8%B4%E0%B9%89%E0%B8%A7,พระศิลาแลงอัด หลวงปู่ฤษี สูง 16 นิ้ว - ศิลาเพชร | ศิลาแลงแท้จากเหมืองกำแพงเพชร : Inspired by LnwShop.com (v2),109,พระศิลาแลงอัด หลวงปู่ฤษี สูง 16 นิ้ว | ศิลาเพชร,47,พระหลวงปู่ฤษี เนื้อศิลาแลงอัด สูง 16 นิ้ว หน้าตักกว้าง 9 นิ้ว สอบถาม 091-515-2222,81,,หลวงปู่ฤาษี ศิลาแลงอัด สูง 16 นิ้ว หน้าตักกว้าง 9 นิ้ว องค์ฤาษีในลักษณะหลวงปู่ นั่งสงบ ไม่ดุดันเท่าพิมพ์ตาไฟ เป็นพิมพ์ที่คนนิยมตั้งในบ้านมากกว่าตั้งในร้าน,154,
https://www.silalang.com/product/17/%E0%B8%9E%E0%B8%A3%E0%B8%B0%E0%B8%A8%E0%B8%B4%E0%B8%A5%E0%B8%B2%E0%B9%81%E0%B8%A5%E0%B8%87%E0%B8%AD%E0%B8%B1%E0%B8%94-%E0%B8%9E%E0%B8%A3%E0%B8%B0%E0%B8%9A%E0%B8%B9%E0%B8%8A%E0%B8%B2%E0%B8%AA%E0%B8%A1%E0%B8%B1%E0%B8%A2%E0%B8%AD%E0%B8%B9%E0%B9%88%E0%B8%97%E0%B8%AD%E0%B8%87-%E0%B8%82%E0%B8%99%E0%B8%B2%E0%B8%94%E0%B8%AA%E0%B8%B9%E0%B8%87-16-%E0%B8%99%E0%B8%B4%E0%B9%89%E0%B8%A7-%E0%B8%AB%E0%B8%99%E0%B9%89%E0%B8%B2%E0%B8%95%E0%B8%B1%E0%B8%81%E0%B8%81%E0%B8%A7%E0%B9%89%E0%B8%B2%E0%B8%87-9-%E0%B8%99%E0%B8%B4%E0%B9%89%E0%B8%A7,พระศิลาแลงอัด พระบูชาสมัยอู่ทอง ขนาดสูง 16 นิ้ว หน้าตักกว้าง 9 นิ้ว - ศิลาเพชร | ศิลาแลงแท้จากเหมืองกำแพงเพชร : Inspired by LnwShop.com (v2),140,พระศิลาแลงอัด พระบูชาสมัยอู่ทอง ขนาดสูง 16 นิ้ว | ศิลาเพชร,58,พระศิลาแลงอัด พระบูชาสมัยอู่ทอง ขนาดสูง 16 นิ้ว หน้าตักกว้าง 9 นิ้ว,67,,พระบูชาศิลปะอู่ทอง ศิลาแลงอัด สูง 16 นิ้ว หน้าตักกว้าง 9 นิ้ว พระพุทธรูปศิลปะอู่ทอง มีเอกลักษณ์ที่พระพักตร์เหลี่ยม พระขนงเป็นสัน และไรพระศกเป็นเส้นคาด,150,
https://www.silalang.com/product/18/%E0%B8%9E%E0%B8%A3%E0%B8%B0%E0%B8%A8%E0%B8%B4%E0%B8%A5%E0%B8%B2%E0%B9%81%E0%B8%A5%E0%B8%87%E0%B8%AD%E0%B8%B1%E0%B8%94-%E0%B8%9B%E0%B8%B9%E0%B9%88%E0%B8%A4%E0%B8%A9%E0%B8%B5%E0%B8%95%E0%B8%B2%E0%B9%84%E0%B8%9F-%E0%B8%82%E0%B8%99%E0%B8%B2%E0%B8%94%E0%B8%AA%E0%B8%B9%E0%B8%87-16-%E0%B8%99%E0%B8%B4%E0%B9%89%E0%B8%A7-%E0%B8%AB%E0%B8%99%E0%B9%89%E0%B8%B2%E0%B8%95%E0%B8%B1%E0%B8%81%E0%B8%81%E0%B8%A7%E0%B9%89%E0%B8%B2%E0%B8%87-9-%E0%B8%99%E0%B8%B4%E0%B9%89%E0%B8%A7,พระศิลาแลงอัด ปู่ฤษีตาไฟ ขนาดสูง 16 นิ้ว หน้าตักกว้าง 9 นิ้ว - ศิลาเพชร | ศิลาแลงแท้จากเหมืองกำแพงเพชร : Inspired by LnwShop.com (v2),133,พระศิลาแลงอัด ปู่ฤษีตาไฟ ขนาดสูง 16 นิ้ว | ศิลาเพชร,51,พระศิลาแลงอัด ปู่ฤษีตาไฟ ขนาดสูง 16 นิ้ว หน้าตักกว้าง 9 นิ้ว,60,,ปู่ฤาษีตาไฟ ศิลาแลงอัด สูง 16 นิ้ว หน้าตักกว้าง 9 นิ้ว ปางปู่ฤาษีตาไฟอีกพิมพ์หนึ่ง ต่างจากพิมพ์แรกที่ท่าทางและรายละเอียดการแกะ,126,
https://www.silalang.com/product/19/%E0%B8%9E%E0%B8%A3%E0%B8%B0%E0%B8%A8%E0%B8%B4%E0%B8%A5%E0%B8%B2%E0%B9%81%E0%B8%A5%E0%B8%87%E0%B8%AD%E0%B8%B1%E0%B8%94-%E0%B8%9E%E0%B8%A3%E0%B8%B0%E0%B8%99%E0%B8%B2%E0%B8%84%E0%B8%9B%E0%B8%A3%E0%B8%81-%E0%B8%82%E0%B8%99%E0%B8%B2%E0%B8%94%E0%B8%AA%E0%B8%B9%E0%B8%87-16-%E0%B8%99%E0%B8%B4%E0%B9%89%E0%B8%A7-%E0%B8%AB%E0%B8%99%E0%B9%89%E0%B8%B2%E0%B8%95%E0%B8%B1%E0%B8%81%E0%B8%81%E0%B8%A7%E0%B9%89%E0%B8%B2%E0%B8%87-9-%E0%B8%99%E0%B8%B4%E0%B9%89%E0%B8%A7,พระศิลาแลงอัด พระนาคปรก ขนาดสูง 16 นิ้ว หน้าตักกว้าง 9 นิ้ว - ศิลาเพชร | ศิลาแลงแท้จากเหมืองกำแพงเพชร : Inspired by LnwShop.com (v2),132,พระศิลาแลงอัด พระนาคปรก ขนาดสูง 16 นิ้ว | ศิลาเพชร,50,พระศิลาแลงอัด พระนาคปรก ขนาดสูง 16 นิ้ว หน้าตักกว้าง 9 นิ้ว,59,,พระนาคปรก ศิลาแลงอัด สูง 16 นิ้ว หน้าตักกว้าง 9 นิ้ว พระนาคปรก คือพระพุทธรูปที่มีพญานาคแผ่พังพานปกอยู่เบื้องบน มาจากพุทธประวัติตอนพญามุจลินท์นาคราชปกป้องพร,155,
https://www.silalang.com/product/2/%E0%B8%AB%E0%B8%B4%E0%B8%99%E0%B8%A8%E0%B8%B4%E0%B8%A5%E0%B8%B2%E0%B9%81%E0%B8%A5%E0%B8%87-%E0%B8%82%E0%B8%99%E0%B8%B2%E0%B8%9420x30%E0%B9%80%E0%B8%8B%E0%B8%99%E0%B8%95%E0%B8%B4%E0%B9%80%E0%B8%A1%E0%B8%95%E0%B8%A3,หินศิลาแลงเหลี่ยม ขนาด 20x30 ซม. - ศิลาเพชร | ศิลาแลงแท้จากเหมืองกำแพงเพชร : Inspired by LnwShop.com (v2),105,หินศิลาแลงเหลี่ยม ขนาด 20x30 ซม. | ศิลาเพชร,43,หินศิลาแลงแท้จากเหมือง ขนาด 20x30 ซม. สำหรับปูพื้นและก่อผนัง สอบถาม 091-515-2222,80,,หินศิลาแลงเหลี่ยม ขนาด 20 × 30 ซม. ศิลาแลงแท้จากเหมืองศิลาเพชร กำแพงเพชร ผิวพรุนสีน้ำตาลส้มธรรมชาติ ราคา 30 บาทต่อก้อน,118,
https://www.silalang.com/product/20/%E0%B8%9E%E0%B8%A3%E0%B8%B0%E0%B8%A8%E0%B8%B4%E0%B8%A5%E0%B8%B2%E0%B9%81%E0%B8%A5%E0%B8%87%E0%B8%AD%E0%B8%B1%E0%B8%94-%E0%B8%9E%E0%B8%A3%E0%B8%B0%E0%B8%9A%E0%B8%B8%E0%B8%8A%E0%B8%B2%E0%B8%AA%E0%B8%A1%E0%B8%B1%E0%B8%A2%E0%B9%80%E0%B8%8A%E0%B8%B5%E0%B8%A2%E0%B8%87%E0%B9%81%E0%B8%AA%E0%B8%99-%E0%B8%82%E0%B8%99%E0%B8%B2%E0%B8%94%E0%B8%AA%E0%B8%B9%E0%B8%87-16-%E0%B8%99%E0%B8%B4%E0%B9%89%E0%B8%A7-%E0%B8%AB%E0%B8%99%E0%B9%89%E0%B8%B2%E0%B8%95%E0%B8%B1%E0%B8%81%E0%B8%81%E0%B8%A7%E0%B9%89%E0%B8%B2%E0%B8%87-9-%E0%B8%99%E0%B8%B4%E0%B9%89%E0%B8%A7,พระศิลาแลงอัด พระบุชาสมัยเชียงแสน ขนาดสูง 16 นิ้ว หน้าตักกว้าง 9 นิ้ว - ศิลาเพชร | ศิลาแลงแท้จากเหมืองกำแพงเพชร : Inspired by LnwShop.com (v2),142,พระศิลาแลงอัด พระบุชาสมัยเชียงแสน ขนาดสูง 16 | ศิลาเพชร,55,พระศิลาแลงอัด พระบุชาสมัยเชียงแสน ขนาดสูง 16 นิ้ว หน้าตักกว้าง 9 นิ้ว,69,,พระบูชาศิลปะเชียงแสน ศิลาแลงอัด สูง 16 นิ้ว หน้าตักกว้าง 9 นิ้ว พระพุทธรูปศิลปะเชียงแสน (ล้านนา) สังเกตได้จากพระวรกายอวบอิ่ม พระพักตร์กลม พระอุระนูน,148,
https://www.silalang.com/product/21/%E0%B8%9E%E0%B8%A3%E0%B8%B0%E0%B8%A8%E0%B8%B4%E0%B8%A5%E0%B8%B2%E0%B9%81%E0%B8%A5%E0%B8%87%E0%B8%AD%E0%B8%B1%E0%B8%94-%E0%B8%9E%E0%B8%A3%E0%B8%B0%E0%B8%9A%E0%B8%B9%E0%B8%8A%E0%B8%B2%E0%B8%AA%E0%B8%A1%E0%B8%B1%E0%B8%A2%E0%B8%AA%E0%B8%B8%E0%B9%82%E0%B8%82%E0%B8%97%E0%B8%B1%E0%B8%A2-%E0%B8%82%E0%B8%99%E0%B8%B2%E0%B8%94%E0%B8%AA%E0%B8%B9%E0%B8%87-16-%E0%B8%99%E0%B8%B4%E0%B9%89%E0%B8%A7-%E0%B8%AB%E0%B8%99%E0%B9%89%E0%B8%B2%E0%B8%95%E0%B8%B1%E0%B8%81%E0%B8%81%E0%B8%A7%E0%B9%89%E0%B8%B2%E0%B8%87-9-%E0%B8%99%E0%B8%B4%E0%B9%89%E0%B8%A7,พระศิลาแลงอัด พระบูชาสมัยสุโขทัย ขนาดสูง 16 นิ้ว หน้าตักกว้าง 9 นิ้ว - ศิลาเพชร | ศิลาแลงแท้จากเหมืองกำแพงเพชร : Inspired by LnwShop.com (v2),141,พระศิลาแลงอัด พระบูชาสมัยสุโขทัย ขนาดสูง 16 นิ้ว | ศิลาเพชร,59,พระศิลาแลงอัด พระบูชาสมัยสุโขทัย ขนาดสูง 16 นิ้ว หน้าตักกว้าง 9 นิ้ว,68,,พระบูชาศิลปะสุโขทัย ศิลาแลงอัด สูง 16 นิ้ว หน้าตักกว้าง 9 นิ้ว พระพุทธรูปศิลปะสุโขทัย เป็นศิลปะที่หลายคนถือว่างามที่สุดในบรรดาพระพุทธรูปไทย,139,
https://www.silalang.com/product/22/%E0%B8%9E%E0%B8%A3%E0%B8%B0%E0%B8%A8%E0%B8%B4%E0%B8%A5%E0%B8%B2%E0%B9%81%E0%B8%A5%E0%B8%87%E0%B8%AD%E0%B8%B1%E0%B8%94-%E0%B8%AB%E0%B8%A5%E0%B8%A7%E0%B8%87%E0%B8%9E%E0%B9%88%E0%B8%AD%E0%B9%80%E0%B8%87%E0%B8%B4%E0%B8%99%E0%B8%99%E0%B8%B1%E0%B9%88%E0%B8%87%E0%B8%8A%E0%B8%B2%E0%B8%A5%E0%B8%B0%E0%B8%A7%E0%B8%B1%E0%B8%A5,พระศิลาแลงอัด หลวงพ่อเงินนั่งชาละวัล - ศิลาเพชร | ศิลาแลงแท้จากเหมืองกำแพงเพชร : Inspired by LnwShop.com (v2),109,พระศิลาแลงอัด หลวงพ่อเงินนั่งชาละวัล | ศิลาเพชร,47,พระศิลาแลงอัด หลวงพ่อเงินนั่งชาละวัล,36,,หลวงพ่อเงิน นั่งชาละวัน ศิลาแลงอัด หลวงพ่อเงิน วัดบางคลาน ปางนั่งบนหลังชาละวัน จระเข้ใหญ่ในตำนานเมืองพิจิตร เป็นพิมพ์พิเศษที่รวมพระเกจิเข้ากับตำนานท้องถิ่น,155,
https://www.silalang.com/product/23/%E0%B8%9E%E0%B8%A3%E0%B8%B0%E0%B8%AA%E0%B8%B1%E0%B8%87%E0%B8%81%E0%B8%B1%E0%B8%88%E0%B8%88%E0%B8%B2%E0%B8%A2%E0%B8%99%E0%B9%8C-%E0%B8%82%E0%B8%99%E0%B8%B2%E0%B8%94%E0%B8%AA%E0%B8%B9%E0%B8%87-9-%E0%B8%99%E0%B8%B4%E0%B9%89%E0%B8%A7-%E0%B8%AB%E0%B8%99%E0%B9%89%E0%B8%B2%E0%B8%95%E0%B8%B1%E0%B8%81%E0%B8%81%E0%B8%A7%E0%B9%89%E0%B8%B2%E0%B8%87-8-%E0%B8%99%E0%B8%B4%E0%B9%89%E0%B8%A7,พระสังกัจจายน์ ขนาดสูง 9 นิ้ว หน้าตักกว้าง 8 นิ้ว - ศิลาเพชร | ศิลาแลงแท้จากเหมืองกำแพงเพชร : Inspired by LnwShop.com (v2),122,พระสังกัจจายน์ ขนาดสูง 9 นิ้ว หน้าตักกว้าง 8 นิ้ว | ศิลาเพชร,60,พระสังกัจจายน์ ขนาดสูง 9 นิ้ว หน้าตักกว้าง 8 นิ้ว,49,,พระสังกัจจายน์ ศิลาแลงอัด สูง 9 นิ้ว หน้าตักกว้าง 8 นิ้ว พระสังกัจจายน์ พระอรหันต์รูปอ้วนพุงพลุ้ยที่ยิ้มตลอดเวลา ตามตำนานท่านเนรมิตกายให้อ้วนเพื่อไม่ให้คนห,155,
https://www.silalang.com/product/24/%E0%B8%AB%E0%B8%A5%E0%B8%A7%E0%B8%87%E0%B8%9B%E0%B8%B9%E0%B9%88%E0%B8%97%E0%B8%A7%E0%B8%94-%E0%B8%82%E0%B8%99%E0%B8%B2%E0%B8%94%E0%B8%AA%E0%B8%B9%E0%B8%87-9-%E0%B8%99%E0%B8%B4%E0%B9%89%E0%B8%A7-%E0%B8%AB%E0%B8%99%E0%B9%89%E0%B8%B2%E0%B8%95%E0%B8%B1%E0%B8%81%E0%B8%81%E0%B8%A7%E0%B9%89%E0%B8%B2%E0%B8%87-8-%E0%B8%99%E0%B8%B4%E0%B9%89%E0%B8%A7,หลวงปู่ทวด ขนาดสูง 9 นิ้ว หน้าตักกว้าง 8 นิ้ว - ศิลาเพชร | ศิลาแลงแท้จากเหมืองกำแพงเพชร : Inspired by LnwShop.com (v2),118,หลวงปู่ทวด ขนาดสูง 9 นิ้ว หน้าตักกว้าง 8 นิ้ว | ศิลาเพชร,56,หลวงปู่ทวด ขนาดสูง 9 นิ้ว หน้าตักกว้าง 8 นิ้ว,45,,หลวงปู่ทวด ศิลาแลงอัด สูง 9 นิ้ว หน้าตักกว้าง 8 นิ้ว หลวงปู่ทวด เหยียบน้ำทะเลจืด พระเกจิที่คนไทยนับถือมากที่สุดองค์หนึ่ง,120,
https://www.silalang.com/product/3/%E0%B8%AB%E0%B8%B4%E0%B8%99%E0%B8%A8%E0%B8%B4%E0%B8%A5%E0%B8%B2%E0%B9%81%E0%B8%A5%E0%B8%87-%E0%B8%82%E0%B8%99%E0%B8%B2%E0%B8%9420x20%E0%B9%80%E0%B8%8B%E0%B8%99%E0%B8%95%E0%B8%B4%E0%B9%80%E0%B8%A1%E0%B8%95%E0%B8%A3,หินศิลาแลงเหลี่ยม ขนาด 20x20 ซม. - ศิลาเพชร | ศิลาแลงแท้จากเหมืองกำแพงเพชร : Inspired by LnwShop.com (v2),105,หินศิลาแลงเหลี่ยม ขนาด 20x20 ซม. | ศิลาเพชร,43,หินศิลาแลงแท้ ขนาด 20x20 ซม. เหมาะกับปูทางเดินและงานตกแต่งสวน สอบถาม 091-515-2222,81,,หินศิลาแลงเหลี่ยม ขนาด 20 × 20 ซม. ศิลาแลงแท้จากเหมืองศิลาเพชร กำแพงเพชร ผิวพรุนสีน้ำตาลส้มตามธรรมชาติ ไม่ย้อมสี แต่ละก้อนมีรูพรุนและโทนสีต่างกันเล็กน้อย,153,
https://www.silalang.com/product/30/%E0%B8%AB%E0%B8%A5%E0%B8%A7%E0%B8%87%E0%B8%9B%E0%B8%B9%E0%B9%88%E0%B8%97%E0%B8%A7%E0%B8%94-%E0%B8%AB%E0%B8%99%E0%B9%89%E0%B8%B2%E0%B8%95%E0%B8%B1%E0%B8%81%E0%B8%81%E0%B8%A7%E0%B9%89%E0%B8%B2%E0%B8%87-9-%E0%B8%99%E0%B8%B4%E0%B9%89%E0%B8%A7-%E0%B9%80%E0%B8%99%E0%B8%B7%E0%B9%89%E0%B8%AD%E0%B9%81%E0%B8%9A%E0%B8%9A%E0%B8%AA%E0%B8%99%E0%B8%B4%E0%B8%A1%E0%B9%80%E0%B8%AB%E0%B8%A5%E0%B9%87%E0%B8%81,หลวงปู่ทวด หน้าตักกว้าง 9 นิ้ว เนื้อแบบสนิมเหล็ก - ศิลาเพชร | ศิลาแลงแท้จากเหมืองกำแพงเพชร : Inspired by LnwShop.com (v2),121,หลวงปู่ทวด หน้าตักกว้าง 9 นิ้ว เนื้อแบบสนิมเหล็ก | ศิลาเพชร,59,หลวงปู่ทวด หน้าตักกว้าง 9 นิ้ว เนื้อแบบสนิมเหล็ก,48,,หลวงปู่ทวด ศิลาแลงอัด เนื้อสนิมเหล็ก หน้าตักกว้าง 9 นิ้ว หลวงปู่ทวดพิมพ์เดียวกับองค์มาตรฐาน แต่ทำผิวเป็นเนื้อสนิมเหล็ก ให้สีน้ำตาลเข้มออกดำแบบเหล็กเก่า,151,
https://www.silalang.com/product/31/%E0%B8%AB%E0%B8%A5%E0%B8%A7%E0%B8%87%E0%B8%9E%E0%B9%88%E0%B8%AD%E0%B9%80%E0%B8%94%E0%B8%B4%E0%B8%A1-%E0%B8%82%E0%B8%99%E0%B8%B2%E0%B8%94%E0%B8%AA%E0%B8%B9%E0%B8%87-9-%E0%B8%99%E0%B8%B4%E0%B9%89%E0%B8%A7-%E0%B8%AB%E0%B8%99%E0%B9%89%E0%B8%B2%E0%B8%95%E0%B8%B1%E0%B8%81%E0%B8%81%E0%B8%A7%E0%B9%89%E0%B8%B2%E0%B8%87-8-%E0%B8%99%E0%B8%B4%E0%B9%89%E0%B8%A7,หลวงพ่อเดิม ขนาดสูง 9 นิ้ว หน้าตักกว้าง 8 นิ้ว - ศิลาเพชร | ศิลาแลงแท้จากเหมืองกำแพงเพชร : Inspired by LnwShop.com (v2),119,หลวงพ่อเดิม ขนาดสูง 9 นิ้ว หน้าตักกว้าง 8 นิ้ว | ศิลาเพชร,57,หลวงพ่อเดิม ขนาดสูง 9 นิ้ว หน้าตักกว้าง 8 นิ้ว,46,,หลวงพ่อเดิม ศิลาแลงอัด สูง 9 นิ้ว หน้าตักกว้าง 8 นิ้ว หลวงพ่อเดิม วัดหนองโพ นครสวรรค์ พระเกจิสายภาคกลางตอนบน ตามความเชื่อเด่นเรื่องมีดหมอและของคงกระพัน,151,
https://www.silalang.com/product/32/%E0%B8%AB%E0%B8%A5%E0%B8%A7%E0%B8%87%E0%B8%9B%E0%B8%B9%E0%B9%88%E0%B9%82%E0%B8%95-%E0%B8%AB%E0%B8%99%E0%B9%89%E0%B8%B2%E0%B8%95%E0%B8%B1%E0%B8%81%E0%B8%81%E0%B8%A7%E0%B9%89%E0%B8%B2%E0%B8%87-9-%E0%B8%99%E0%B8%B4%E0%B9%89%E0%B8%A7-%E0%B9%80%E0%B8%99%E0%B8%B7%E0%B9%89%E0%B8%AD%E0%B9%81%E0%B8%9A%E0%B8%9A%E0%B8%AA%E0%B8%99%E0%B8%B4%E0%B8%A1%E0%B9%80%E0%B8%AB%E0%B8%A5%E0%B9%87%E0%B8%81,หลวงปู่โต หน้าตักกว้าง 9 นิ้ว เนื้อแบบสนิมเหล็ก - ศิลาเพชร | ศิลาแลงแท้จากเหมืองกำแพงเพชร : Inspired by LnwShop.com (v2),120,หลวงปู่โต หน้าตักกว้าง 9 นิ้ว เนื้อแบบสนิมเหล็ก | ศิลาเพชร,58,หลวงปู่โต หน้าตักกว้าง 9 นิ้ว เนื้อแบบสนิมเหล็ก,47,,หลวงปู่โต ศิลาแลงอัด เนื้อสนิมเหล็ก หน้าตักกว้าง 9 นิ้ว สมเด็จพระพุฒาจารย์ (โต พรหมรังสี) แห่งวัดระฆังโฆสิตาราม พระเกจิที่คนไทยนับถือเรื่องเมตตามหานิยมและค,155,
https://www.silalang.com/product/34/%E0%B8%AB%E0%B8%A5%E0%B8%A7%E0%B8%87%E0%B8%9E%E0%B9%88%E0%B8%AD%E0%B9%80%E0%B8%87%E0%B8%B4%E0%B8%99-%E0%B8%82%E0%B8%99%E0%B8%B2%E0%B8%94%E0%B8%AA%E0%B8%B9%E0%B8%87-9-%E0%B8%99%E0%B8%B4%E0%B9%89%E0%B8%A7-%E0%B8%AB%E0%B8%99%E0%B9%89%E0%B8%B2%E0%B8%95%E0%B8%B1%E0%B8%81%E0%B8%81%E0%B8%A7%E0%B9%89%E0%B8%B2%E0%B8%87-8-%E0%B8%99%E0%B8%B4%E0%B9%89%E0%B8%A7,หลวงพ่อเงิน ขนาดสูง 9 นิ้ว หน้าตักกว้าง 8 นิ้ว - ศิลาเพชร | ศิลาแลงแท้จากเหมืองกำแพงเพชร : Inspired by LnwShop.com (v2),119,หลวงพ่อเงิน ขนาดสูง 9 นิ้ว หน้าตักกว้าง 8 นิ้ว | ศิลาเพชร,57,หลวงพ่อเงิน ขนาดสูง 9 นิ้ว หน้าตักกว้าง 8 นิ้ว,46,,หลวงพ่อเงิน ศิลาแลงอัด สูง 9 นิ้ว หน้าตักกว้าง 8 นิ้ว หลวงพ่อเงิน วัดบางคลาน พิจิตร พระเกจิที่คนนิยมบูชาเรื่องโชคลาภและการค้า,125,
https://www.silalang.com/product/35/%E0%B8%A4%E0%B8%B2%E0%B8%A9%E0%B8%B5-%E0%B8%82%E0%B8%99%E0%B8%B2%E0%B8%94%E0%B8%AA%E0%B8%B9%E0%B8%87-16-%E0%B8%99%E0%B8%B4%E0%B9%89%E0%B8%A7-%E0%B8%AB%E0%B8%99%E0%B9%89%E0%B8%B2%E0%B8%95%E0%B8%B1%E0%B8%81%E0%B8%81%E0%B8%A7%E0%B9%89%E0%B8%B2%E0%B8%87-9-%E0%B8%99%E0%B8%B4%E0%B9%89%E0%B8%A7,ฤาษี ขนาดสูง 16 นิ้ว หน้าตักกว้าง 9 นิ้ว - ศิลาเพชร | ศิลาแลงแท้จากเหมืองกำแพงเพชร : Inspired by LnwShop.com (v2),113,ฤาษี ขนาดสูง 16 นิ้ว หน้าตักกว้าง 9 นิ้ว | ศิลาเพชร,51,ฤาษี ขนาดสูง 16 นิ้ว หน้าตักกว้าง 9 นิ้ว,40,,พระฤาษี ศิลาแลงอัด สูง 16 นิ้ว หน้าตักกว้าง 9 นิ้ว องค์ฤาษีพิมพ์พื้นฐาน นั่งขัดสมาธิ ถือไม้เท้า เป็นพิมพ์กลาง ๆ ที่ใช้ได้กับทุกสาย,130,
https://www.silalang.com/product/36/%E0%B8%A4%E0%B8%B2%E0%B8%A9%E0%B8%B5%E0%B8%AB%E0%B8%99%E0%B9%89%E0%B8%B2%E0%B9%80%E0%B8%AA%E0%B8%B7%E0%B8%AD-%E0%B8%82%E0%B8%99%E0%B8%B2%E0%B8%94%E0%B8%AA%E0%B8%B9%E0%B8%87-16-%E0%B8%99%E0%B8%B4%E0%B9%89%E0%B8%A7-%E0%B8%AB%E0%B8%99%E0%B9%89%E0%B8%B2%E0%B8%95%E0%B8%B1%E0%B8%81%E0%B8%81%E0%B8%A7%E0%B9%89%E0%B8%B2%E0%B8%87-9-%E0%B8%99%E0%B8%B4%E0%B9%89%E0%B8%A7,ฤาษีหน้าเสือ ขนาดสูง 16 นิ้ว หน้าตักกว้าง 9 นิ้ว - ศิลาเพชร | ศิลาแลงแท้จากเหมืองกำแพงเพชร : Inspired by LnwShop.com (v2),121,ฤาษีหน้าเสือ ขนาดสูง 16 นิ้ว หน้าตักกว้าง 9 นิ้ว | ศิลาเพชร,59,ฤาษีหน้าเสือ ขนาดสูง 16 นิ้ว หน้าตักกว้าง 9 นิ้ว,48,,พระฤาษีหน้าเสือ ศิลาแลงอัด สูง 16 นิ้ว หน้าตักกว้าง 9 นิ้ว ฤาษีหน้าเสือ หรือ พ่อแก่หน้าเสือ ตามความเชื่อเป็นครูสายมหาอำนาจและความเป็นผู้นำ,138,
https://www.silalang.com/product/37/%E0%B8%A4%E0%B8%B2%E0%B8%A9%E0%B8%B5%E0%B8%AB%E0%B8%99%E0%B9%89%E0%B8%B2%E0%B8%A7%E0%B8%B1%E0%B8%A7-%E0%B8%82%E0%B8%99%E0%B8%B2%E0%B8%94%E0%B8%AA%E0%B8%B9%E0%B8%87-16-%E0%B8%99%E0%B8%B4%E0%B9%89%E0%B8%A7-%E0%B8%AB%E0%B8%99%E0%B9%89%E0%B8%B2%E0%B8%95%E0%B8%B1%E0%B8%81%E0%B8%81%E0%B8%A7%E0%B9%89%E0%B8%B2%E0%B8%87-9-%E0%B8%99%E0%B8%B4%E0%B9%89%E0%B8%A7,ฤาษีหน้าวัว ขนาดสูง 16 นิ้ว หน้าตักกว้าง 9 นิ้ว - ศิลาเพชร | ศิลาแลงแท้จากเหมืองกำแพงเพชร : Inspired by LnwShop.com (v2),120,ฤาษีหน้าวัว ขนาดสูง 16 นิ้ว หน้าตักกว้าง 9 นิ้ว | ศิลาเพชร,58,ฤาษีหน้าวัว ขนาดสูง 16 นิ้ว หน้าตักกว้าง 9 นิ้ว,47,,พระฤาษีหน้าวัว ศิลาแลงอัด สูง 16 นิ้ว หน้าตักกว้าง 9 นิ้ว ฤาษีหน้าวัว ตามความเชื่อเป็นครูสายความอดทน ความขยัน และงานที่ต้องใช้แรงต่อเนื่อง,138,
https://www.silalang.com/product/38/%E0%B8%9E%E0%B8%A3%E0%B8%B0%E0%B8%9E%E0%B8%B4%E0%B8%86%E0%B9%80%E0%B8%99%E0%B8%A8-%E0%B8%82%E0%B8%99%E0%B8%B2%E0%B8%94%E0%B8%AA%E0%B8%B9%E0%B8%87-13-%E0%B8%99%E0%B8%B4%E0%B9%89%E0%B8%A7-%E0%B8%AB%E0%B8%99%E0%B9%89%E0%B8%B2%E0%B8%95%E0%B8%B1%E0%B8%81%E0%B8%81%E0%B8%A7%E0%B9%89%E0%B8%B2%E0%B8%87-7-%E0%B8%99%E0%B8%B4%E0%B9%89%E0%B8%A7,พระพิฆเนศ ขนาดสูง 13 นิ้ว หน้าตักกว้าง 7 นิ้ว - ศิลาเพชร | ศิลาแลงแท้จากเหมืองกำแพงเพชร : Inspired by LnwShop.com (v2),118,พระพิฆเนศ ขนาดสูง 13 นิ้ว หน้าตักกว้าง 7 นิ้ว | ศิลาเพชร,56,พระพิฆเนศ ขนาดสูง 13 นิ้ว หน้าตักกว้าง 7 นิ้ว,45,ซ้ำกับหน้าอื่น,พระพิฆเนศ ศิลาแลงอัด สูง 13 นิ้ว หน้าตักกว้าง 7 นิ้ว พระพิฆเนศ เทพเจ้าแห่งการขจัดอุปสรรคและความสำเร็จ เป็นเทพประจำงานศิลปะ การออกแบบ,132,
https://www.silalang.com/product/39/%E0%B8%9E%E0%B8%A3%E0%B8%B0%E0%B8%9E%E0%B8%B4%E0%B8%86%E0%B9%80%E0%B8%99%E0%B8%A8-%E0%B8%82%E0%B8%99%E0%B8%B2%E0%B8%94%E0%B8%AA%E0%B8%B9%E0%B8%87-13-%E0%B8%99%E0%B8%B4%E0%B9%89%E0%B8%A7-%E0%B8%AB%E0%B8%99%E0%B9%89%E0%B8%B2%E0%B8%95%E0%B8%B1%E0%B8%81%E0%B8%81%E0%B8%A7%E0%B9%89%E0%B8%B2%E0%B8%87-7-%E0%B8%99%E0%B8%B4%E0%B9%89%E0%B8%A7-2,พระพิฆเนศ ขนาดสูง 13 นิ้ว หน้าตักกว้าง 7 นิ้ว - ศิลาเพชร | ศิลาแลงแท้จากเหมืองกำแพงเพชร : Inspired by LnwShop.com (v2),118,พระพิฆเนศ ขนาดสูง 13 นิ้ว หน้าตักกว้าง 7 นิ้ว | ศิลาเพชร,56,พระพิฆเนศ ขนาดสูง 13 นิ้ว หน้าตักกว้าง 7 นิ้ว,45,ซ้ำกับหน้าอื่น,พระพิฆเนศ ศิลาแลงอัด สูง 13 นิ้ว หน้าตักกว้าง 7 นิ้ว (พิมพ์ที่สอง) พระพิฆเนศขนาดเดียวกับองค์แรก แต่เป็นคนละพิมพ์ ต่างกันที่ท่าประทับและรายละเอียดเครื่องทรง,155,⚠️ สินค้าซ้ำ — ควรลบหน้านี้ทิ้ง ไม่ใช่เปลี่ยนชื่อ
https://www.silalang.com/product/4/%E0%B8%AB%E0%B8%B4%E0%B8%99%E0%B8%A8%E0%B8%B4%E0%B8%A5%E0%B8%B2%E0%B9%81%E0%B8%A5%E0%B8%87-%E0%B8%82%E0%B8%99%E0%B8%B2%E0%B8%9420x40%E0%B9%80%E0%B8%8B%E0%B8%99%E0%B8%95%E0%B8%B4%E0%B9%80%E0%B8%A1%E0%B8%95%E0%B8%A3,หินศิลาแลงเหลี่ยม ขนาด 20x40 ซม. - ศิลาเพชร | ศิลาแลงแท้จากเหมืองกำแพงเพชร : Inspired by LnwShop.com (v2),105,หินศิลาแลงเหลี่ยม ขนาด 20x40 ซม. | ศิลาเพชร,43,หินศิลาแลงแท้ ขนาด 20x40 ซม. สำหรับงานก่อผนังและปูทางเดิน สอบถาม 091-515-2222,77,,"หินศิลาแลงเหลี่ยม ขนาด 20 × 40 ซม. ศิลาแลงแท้จากเหมืองศิลาเพชร กำแพงเพชร ผิวพรุนสีน้ำตาลส้มธรรมชาติ ราคา 35 บาทต่อก้อน · สั่ง 500–1,250 ก้อน ราคา 24",148,
https://www.silalang.com/product/40/%E0%B8%9E%E0%B8%A3%E0%B8%B0%E0%B8%9E%E0%B8%B4%E0%B8%86%E0%B9%80%E0%B8%99%E0%B8%A8-%E0%B8%82%E0%B8%99%E0%B8%B2%E0%B8%94%E0%B8%AA%E0%B8%B9%E0%B8%87-9-%E0%B8%99%E0%B8%B4%E0%B9%89%E0%B8%A7-%E0%B8%AB%E0%B8%99%E0%B9%89%E0%B8%B2%E0%B8%95%E0%B8%B1%E0%B8%81%E0%B8%81%E0%B8%A7%E0%B9%89%E0%B8%B2%E0%B8%87-6-%E0%B8%99%E0%B8%B4%E0%B9%89%E0%B8%A7,พระพิฆเนศ ขนาดสูง 9 นิ้ว หน้าตักกว้าง 6 นิ้ว - ศิลาเพชร | ศิลาแลงแท้จากเหมืองกำแพงเพชร : Inspired by LnwShop.com (v2),117,พระพิฆเนศ ขนาดสูง 9 นิ้ว หน้าตักกว้าง 6 นิ้ว | ศิลาเพชร,55,พระพิฆเนศ ขนาดสูง 9 นิ้ว หน้าตักกว้าง 6 นิ้ว,44,,พระพิฆเนศ ศิลาแลงอัด สูง 9 นิ้ว หน้าตักกว้าง 6 นิ้ว พระพิฆเนศองค์เล็ก เทพแห่งการขจัดอุปสรรค พิมพ์เดียวกับองค์ 13 นิ้วแต่ย่อขนาดลง หล่อจากศิลาแลงอัด,147,
https://www.silalang.com/product/41/%E0%B8%84%E0%B8%A3%E0%B8%B9%E0%B8%9A%E0%B8%B2%E0%B8%A8%E0%B8%A3%E0%B8%B5%E0%B8%A7%E0%B8%B4%E0%B8%8A%E0%B8%B1%E0%B8%A2-%E0%B8%82%E0%B8%99%E0%B8%B2%E0%B8%94%E0%B8%AA%E0%B8%B9%E0%B8%87-9-%E0%B8%99%E0%B8%B4%E0%B9%89%E0%B8%A7-%E0%B8%AB%E0%B8%99%E0%B9%89%E0%B8%B2%E0%B8%95%E0%B8%B1%E0%B8%81%E0%B8%81%E0%B8%A7%E0%B9%89%E0%B8%B2%E0%B8%87-6-%E0%B8%99%E0%B8%B4%E0%B9%89%E0%B8%A7,ครูบาศรีวิชัย ขนาดสูง 9 นิ้ว หน้าตักกว้าง 6 นิ้ว - ศิลาเพชร | ศิลาแลงแท้จากเหมืองกำแพงเพชร : Inspired by LnwShop.com (v2),121,ครูบาศรีวิชัย ขนาดสูง 9 นิ้ว หน้าตักกว้าง 6 นิ้ว | ศิลาเพชร,59,ครูบาศรีวิชัย ขนาดสูง 9 นิ้ว หน้าตักกว้าง 6 นิ้ว,48,,ครูบาศรีวิชัย ศิลาแลงอัด สูง 9 นิ้ว หน้าตักกว้าง 6 นิ้ว ครูบาศรีวิชัย นักบุญแห่งล้านนา ผู้นำชาวบ้านสร้างถนนขึ้นดอยสุเทพด้วยแรงศรัทธา,132,
https://www.silalang.com/product/42/%E0%B8%9E%E0%B8%A3%E0%B8%B0%E0%B9%80%E0%B8%88%E0%B9%89%E0%B8%B2%E0%B8%95%E0%B8%B2%E0%B8%81%E0%B8%AA%E0%B8%B4%E0%B8%99-%E0%B8%82%E0%B8%99%E0%B8%B2%E0%B8%94%E0%B8%AA%E0%B8%B9%E0%B8%87-10-%E0%B8%99%E0%B8%B4%E0%B9%89%E0%B8%A7-%E0%B8%AB%E0%B8%99%E0%B9%89%E0%B8%B2%E0%B8%95%E0%B8%B1%E0%B8%81%E0%B8%81%E0%B8%A7%E0%B9%89%E0%B8%B2%E0%B8%87-4-%E0%B8%99%E0%B8%B4%E0%B9%89%E0%B8%A7,พระเจ้าตากสิน ขนาดสูง 10 นิ้ว หน้าตักกว้าง 4 นิ้ว - ศิลาเพชร | ศิลาแลงแท้จากเหมืองกำแพงเพชร : Inspired by LnwShop.com (v2),122,พระเจ้าตากสิน ขนาดสูง 10 นิ้ว หน้าตักกว้าง 4 นิ้ว | ศิลาเพชร,60,พระเจ้าตากสิน ขนาดสูง 10 นิ้ว หน้าตักกว้าง 4 นิ้ว,49,,สมเด็จพระเจ้าตากสินมหาราช ศิลาแลงอัด สูง 10 นิ้ว หน้าตักกว้าง 4 นิ้ว สมเด็จพระเจ้าตากสินมหาราช ผู้กอบกู้เอกราชหลังเสียกรุงครั้งที่สอง,133,
https://www.silalang.com/product/43/%E0%B8%A3%E0%B8%B1%E0%B8%8A%E0%B8%81%E0%B8%B2%E0%B8%A5%E0%B8%97%E0%B8%B5%E0%B9%88-5-%E0%B8%82%E0%B8%99%E0%B8%B2%E0%B8%94%E0%B8%AA%E0%B8%B9%E0%B8%87-11-%E0%B8%99%E0%B8%B4%E0%B9%89%E0%B8%A7-%E0%B8%AB%E0%B8%99%E0%B9%89%E0%B8%B2%E0%B8%95%E0%B8%B1%E0%B8%81%E0%B8%81%E0%B8%A7%E0%B9%89%E0%B8%B2%E0%B8%87-4-%E0%B8%99%E0%B8%B4%E0%B9%89%E0%B8%A7,รัชกาลที่ 5 ขนาดสูง 11 นิ้ว หน้าตักกว้าง 4 นิ้ว - ศิลาเพชร | ศิลาแลงแท้จากเหมืองกำแพงเพชร : Inspired by LnwShop.com (v2),120,รัชกาลที่ 5 ขนาดสูง 11 นิ้ว หน้าตักกว้าง 4 นิ้ว | ศิลาเพชร,58,รัชกาลที่ 5 ขนาดสูง 11 นิ้ว หน้าตักกว้าง 4 นิ้ว,47,,พระบรมรูปรัชกาลที่ 5 ศิลาแลงอัด สูง 11 นิ้ว หน้าตักกว้าง 4 นิ้ว พระบรมรูปพระบาทสมเด็จพระจุลจอมเกล้าเจ้าอยู่หัว รัชกาลที่ 5,122,
https://www.silalang.com/product/44/%E0%B8%A4%E0%B8%B2%E0%B8%A9%E0%B8%B5-%E0%B8%9A%E0%B8%94%E0%B8%A2%E0%B8%B2-%E0%B8%82%E0%B8%99%E0%B8%B2%E0%B8%94%E0%B8%AA%E0%B8%B9%E0%B8%87-16-%E0%B8%99%E0%B8%B4%E0%B9%89%E0%B8%A7-%E0%B8%AB%E0%B8%99%E0%B9%89%E0%B8%B2%E0%B8%95%E0%B8%B1%E0%B8%81%E0%B8%81%E0%B8%A7%E0%B9%89%E0%B8%B2%E0%B8%87-9-%E0%B8%99%E0%B8%B4%E0%B9%89%E0%B8%A7,ฤาษี บดยา ขนาดสูง 16 นิ้ว หน้าตักกว้าง 9 นิ้ว - ศิลาเพชร | ศิลาแลงแท้จากเหมืองกำแพงเพชร : Inspired by LnwShop.com (v2),118,ฤาษี บดยา ขนาดสูง 16 นิ้ว หน้าตักกว้าง 9 นิ้ว | ศิลาเพชร,56,ฤาษี บดยา ขนาดสูง 16 นิ้ว หน้าตักกว้าง 9 นิ้ว,45,,พระฤาษีบดยา ศิลาแลงอัด สูง 16 นิ้ว หน้าตักกว้าง 9 นิ้ว ฤาษีปางบดยา อยู่ในท่ากำลังบดสมุนไพรในครก เป็นองค์ครูของสายแพทย์แผนไทย หมอยา,130,
https://www.silalang.com/product/45/%E0%B8%A4%E0%B8%B2%E0%B8%A9%E0%B8%B5%E0%B9%80%E0%B8%82%E0%B8%B5%E0%B8%A2%E0%B8%99%E0%B8%95%E0%B8%B3%E0%B8%A3%E0%B8%B2-%E0%B8%82%E0%B8%99%E0%B8%B2%E0%B8%94%E0%B8%AA%E0%B8%B9%E0%B8%87-16-%E0%B8%99%E0%B8%B4%E0%B9%89%E0%B8%A7-%E0%B8%AB%E0%B8%99%E0%B9%89%E0%B8%B2%E0%B8%95%E0%B8%B1%E0%B8%81%E0%B8%81%E0%B8%A7%E0%B9%89%E0%B8%B2%E0%B8%87-9-%E0%B8%99%E0%B8%B4%E0%B9%89%E0%B8%A7,ฤาษีเขียนตำรา ขนาดสูง 16 นิ้ว หน้าตักกว้าง 9 นิ้ว - ศิลาเพชร | ศิลาแลงแท้จากเหมืองกำแพงเพชร : Inspired by LnwShop.com (v2),122,ฤาษีเขียนตำรา ขนาดสูง 16 นิ้ว หน้าตักกว้าง 9 นิ้ว | ศิลาเพชร,60,ฤาษีเขียนตำรา ขนาดสูง 16 นิ้ว หน้าตักกว้าง 9 นิ้ว,49,,พระฤาษีเขียนตำรา ศิลาแลงอัด สูง 16 นิ้ว หน้าตักกว้าง 9 นิ้ว ฤาษีปางเขียนตำรา อยู่ในท่ากำลังจดบันทึกลงใบลาน เป็นองค์ครูของสายวิชาความรู้ การเรียน,144,
https://www.silalang.com/product/46/%E0%B8%A4%E0%B8%B2%E0%B8%A9%E0%B8%B5%E0%B8%A1%E0%B9%89%E0%B8%A7%E0%B8%99%E0%B8%95%E0%B8%B3%E0%B8%A3%E0%B8%B2-%E0%B8%82%E0%B8%99%E0%B8%B2%E0%B8%94%E0%B8%AA%E0%B8%B9%E0%B8%87-16-%E0%B8%99%E0%B8%B4%E0%B9%89%E0%B8%A7-%E0%B8%AB%E0%B8%99%E0%B9%89%E0%B8%B2%E0%B8%95%E0%B8%B1%E0%B8%81%E0%B8%81%E0%B8%A7%E0%B9%89%E0%B8%B2%E0%B8%87-9-%E0%B8%99%E0%B8%B4%E0%B9%89%E0%B8%A7,ฤาษีม้วนตำรา ขนาดสูง 16 นิ้ว หน้าตักกว้าง 9 นิ้ว - ศิลาเพชร | ศิลาแลงแท้จากเหมืองกำแพงเพชร : Inspired by LnwShop.com (v2),121,ฤาษีม้วนตำรา ขนาดสูง 16 นิ้ว หน้าตักกว้าง 9 นิ้ว | ศิลาเพชร,59,ฤาษีม้วนตำรา ขนาดสูง 16 นิ้ว หน้าตักกว้าง 9 นิ้ว,48,,พระฤาษีม้วนตำรา ศิลาแลงอัด สูง 16 นิ้ว หน้าตักกว้าง 9 นิ้ว ฤาษีปางม้วนตำรา ถือคัมภีร์ที่ม้วนแล้ว หมายถึงวิชาที่เรียนจบและเก็บรักษาไว้,133,
https://www.silalang.com/product/47/%E0%B8%9E%E0%B8%A3%E0%B8%B0%E0%B8%9E%E0%B8%B8%E0%B8%97%E0%B8%98%E0%B8%88%E0%B8%B2%E0%B8%A3%E0%B8%A2%E0%B9%8C%E0%B9%82%E0%B8%95-%E0%B9%80%E0%B8%99%E0%B8%B7%E0%B9%89%E0%B8%AD%E0%B8%A3%E0%B8%A1%E0%B8%94%E0%B8%B3-%E0%B8%82%E0%B8%99%E0%B8%B2%E0%B8%94%E0%B8%AA%E0%B8%B9%E0%B8%87-9-%E0%B8%99%E0%B8%B4%E0%B9%89%E0%B8%A7-%E0%B8%AB%E0%B8%99%E0%B9%89%E0%B8%B2%E0%B8%95%E0%B8%B1%E0%B8%81%E0%B8%81%E0%B8%A7%E0%B9%89%E0%B8%B2%E0%B8%87-8-%E0%B8%99%E0%B8%B4%E0%B9%89%E0%B8%A7,พระพุทธจารย์โต เนื้อรมดำ ขนาดสูง 9 นิ้ว หน้าตักกว้าง 8 นิ้ว - ศิลาเพชร | ศิลาแลงแท้จากเหมืองกำแพงเพชร : Inspired by LnwShop.com (v2),132,พระพุทธจารย์โต เนื้อรมดำ ขนาดสูง 9 นิ้ว | ศิลาเพชร,50,พระพุทธจารย์โต เนื้อรมดำ ขนาดสูง 9 นิ้ว หน้าตักกว้าง 8 นิ้ว,59,,สมเด็จพระพุฒาจารย์โต ศิลาแลงอัด เนื้อรมดำ สูง 9 นิ้ว หน้าตักกว้าง 8 นิ้ว สมเด็จโต วัดระฆัง พิมพ์เดียวกับเนื้อสนิมเหล็ก แต่ทำผิวรมดำ,131,
https://www.silalang.com/product/48/%E0%B8%9E%E0%B8%A3%E0%B8%B0%E0%B8%9E%E0%B8%B8%E0%B8%97%E0%B8%98%E0%B8%88%E0%B8%B2%E0%B8%A3%E0%B8%A2%E0%B9%8C%E0%B9%82%E0%B8%95-%E0%B9%80%E0%B8%99%E0%B8%B7%E0%B9%89%E0%B8%AD%E0%B8%81%E0%B8%A3%E0%B8%B0%E0%B9%80%E0%B8%9A%E0%B8%B7%E0%B9%89%E0%B8%AD%E0%B8%87%E0%B8%AB%E0%B8%A5%E0%B8%B1%E0%B8%87%E0%B8%84%E0%B8%B2%E0%B9%82%E0%B8%9A%E0%B8%AA%E0%B8%96%E0%B9%8C-%E0%B8%82%E0%B8%99%E0%B8%B2%E0%B8%94%E0%B8%AA%E0%B8%B9%E0%B8%87-9-%E0%B8%99%E0%B8%B4%E0%B9%89%E0%B8%A7-%E0%B8%AB%E0%B8%99%E0%B9%89%E0%B8%B2%E0%B8%95%E0%B8%B1%E0%B8%81%E0%B8%81%E0%B8%A7%E0%B9%89%E0%B8%B2%E0%B8%87-8-%E0%B8%99%E0%B8%B4%E0%B9%89%E0%B8%A7,พระพุทธจารย์โต เนื้อกระเบื้องหลังคาโบสถ์ ขนาดสูง 9 นิ้ว หน้าตักกว้าง 8 นิ้ว - ศิลาเพชร | ศิลาแลงแท้จากเหมืองกำแพงเพชร : Inspired by LnwShop.com (v2),148,พระพุทธจารย์โต เนื้อกระเบื้องหลังคาโบสถ์ ขนาดสูง | ศิลาเพชร,59,พระพุทธจารย์โต เนื้อกระเบื้องหลังคาโบสถ์ ขนาดสูง 9 นิ้ว หน้าตักกว้าง 8 นิ้ว,75,,สมเด็จพระพุฒาจารย์โต ศิลาแลงอัด เนื้อกระเบื้องหลังคาโบสถ์ สูง 9 นิ้ว หน้าตักกว้าง 8 นิ้ว สมเด็จโต วัดระฆัง เนื้อผสมกระเบื้องหลังคาโบสถ์,135,
https://www.silalang.com/product/49/%E0%B8%9E%E0%B8%A3%E0%B8%B0%E0%B8%AD%E0%B8%B8%E0%B8%9B%E0%B8%84%E0%B8%B8%E0%B8%95-%E0%B9%80%E0%B8%99%E0%B8%B7%E0%B9%89%E0%B8%AD%E0%B8%81%E0%B8%A3%E0%B8%B0%E0%B9%80%E0%B8%9A%E0%B8%B7%E0%B9%89%E0%B8%AD%E0%B8%87%E0%B8%AB%E0%B8%A5%E0%B8%B1%E0%B8%87%E0%B8%84%E0%B8%B2%E0%B9%82%E0%B8%9A%E0%B8%AA-%E0%B8%82%E0%B8%99%E0%B8%B2%E0%B8%94%E0%B8%AA%E0%B8%B9%E0%B8%87-9-%E0%B8%99%E0%B8%B4%E0%B9%89%E0%B8%A7-%E0%B8%AB%E0%B8%99%E0%B9%89%E0%B8%B2%E0%B8%95%E0%B8%B1%E0%B8%81%E0%B8%81%E0%B8%A7%E0%B9%89%E0%B8%B2%E0%B8%87-8-%E0%B8%99%E0%B8%B4%E0%B9%89%E0%B8%A7,พระอุปคุต เนื้อกระเบื้องหลังคาโบส ขนาดสูง 9 นิ้ว หน้าตักกว้าง 8 นิ้ว - ศิลาเพชร | ศิลาแลงแท้จากเหมืองกำแพงเพชร : Inspired by LnwShop.com (v2),141,พระอุปคุต เนื้อกระเบื้องหลังคาโบส ขนาดสูง 9 นิ้ว | ศิลาเพชร,59,พระอุปคุต เนื้อกระเบื้องหลังคาโบส ขนาดสูง 9 นิ้ว หน้าตักกว้าง 8 นิ้ว,68,,พระอุปคุต ศิลาแลงอัด เนื้อกระเบื้องหลังคาโบสถ์ สูง 9 นิ้ว หน้าตักกว้าง 8 นิ้ว พระอุปคุต พระอรหันต์ที่ตามความเชื่อจำพรรษาอยู่กลางสะดือทะเล,137,
https://www.silalang.com/product/5/%E0%B8%AB%E0%B8%B4%E0%B8%99%E0%B8%A8%E0%B8%B4%E0%B8%A5%E0%B8%B2%E0%B9%81%E0%B8%A5%E0%B8%87-%E0%B8%82%E0%B8%99%E0%B8%B2%E0%B8%9420x50%E0%B9%80%E0%B8%8B%E0%B8%99%E0%B8%95%E0%B8%B4%E0%B9%80%E0%B8%A1%E0%B8%95%E0%B8%A3,หินศิลาแลงเหลี่ยม ขนาด 20x50 ซม. - ศิลาเพชร | ศิลาแลงแท้จากเหมืองกำแพงเพชร : Inspired by LnwShop.com (v2),105,หินศิลาแลงเหลี่ยม ขนาด 20x50 ซม. | ศิลาเพชร,43,หินศิลาแลงแท้ ขนาด 20x50 ซม. แผ่นยาวสำหรับก่อผนังและปูทางเดิน สอบถาม 091-515-2222,81,,หินศิลาแลงเหลี่ยม ขนาด 20 × 50 ซม. ศิลาแลงแท้จากเหมืองศิลาเพชร กำแพงเพชร ผิวพรุนสีน้ำตาลส้มธรรมชาติ ราคา 50 บาทต่อก้อน เป็นก้อนยาวที่สุดในกลุ่มหน้ากว้าง,152,
https://www.silalang.com/product/50/%E0%B8%9E%E0%B8%B4%E0%B9%80%E0%B8%A0%E0%B8%81-%E0%B8%82%E0%B8%99%E0%B8%B2%E0%B8%94%E0%B8%AA%E0%B8%B9%E0%B8%87-16-%E0%B8%99%E0%B8%B4%E0%B9%89%E0%B8%A7-%E0%B8%AB%E0%B8%99%E0%B9%89%E0%B8%B2%E0%B8%95%E0%B8%B1%E0%B8%81%E0%B8%81%E0%B8%A7%E0%B9%89%E0%B8%B2%E0%B8%87-9-%E0%B8%99%E0%B8%B4%E0%B9%89%E0%B8%A7,พิเภก ขนาดสูง 16 นิ้ว หน้าตักกว้าง 9 นิ้ว - ศิลาเพชร | ศิลาแลงแท้จากเหมืองกำแพงเพชร : Inspired by LnwShop.com (v2),114,พิเภก ขนาดสูง 16 นิ้ว หน้าตักกว้าง 9 นิ้ว | ศิลาเพชร,52,พิเภก ขนาดสูง 16 นิ้ว หน้าตักกว้าง 9 นิ้ว,41,,พิเภก ศิลาแลงอัด สูง 16 นิ้ว หน้าตักกว้าง 9 นิ้ว พิเภก ยักษ์โหรจากรามเกียรติ์ น้องชายทศกัณฐ์ที่แยกไปอยู่ฝ่ายพระราม ตามความเชื่อเป็นครูของโหราจารย์และผู้ทำน,155,
https://www.silalang.com/product/51/%E0%B8%9E%E0%B8%A3%E0%B8%B0%E0%B8%99%E0%B8%B2%E0%B8%A3%E0%B8%B2%E0%B8%A2%E0%B8%93%E0%B9%8C-%E0%B8%82%E0%B8%99%E0%B8%B2%E0%B8%94%E0%B8%AA%E0%B8%B9%E0%B8%87-16-%E0%B8%99%E0%B8%B4%E0%B9%89%E0%B8%A7-%E0%B8%AB%E0%B8%99%E0%B9%89%E0%B8%B2%E0%B8%95%E0%B8%B1%E0%B8%81%E0%B8%81%E0%B8%A7%E0%B9%89%E0%B8%B2%E0%B8%87-9-%E0%B8%99%E0%B8%B4%E0%B9%89%E0%B8%A7,พระนารายณ์ ขนาดสูง 16 นิ้ว หน้าตักกว้าง 9 นิ้ว - ศิลาเพชร | ศิลาแลงแท้จากเหมืองกำแพงเพชร : Inspired by LnwShop.com (v2),119,พระนารายณ์ ขนาดสูง 16 นิ้ว หน้าตักกว้าง 9 นิ้ว | ศิลาเพชร,57,พระนารายณ์ ขนาดสูง 16 นิ้ว หน้าตักกว้าง 9 นิ้ว,46,,พระนารายณ์ ศิลาแลงอัด สูง 16 นิ้ว หน้าตักกว้าง 9 นิ้ว พระนารายณ์ หรือพระวิษณุ เทพผู้รักษาโลกในศาสนาพราหมณ์-ฮินดู ตามความเชื่อเป็นเทพแห่งการปกป้องคุ้มครองแล,155,
https://www.silalang.com/product/52/%E0%B8%AB%E0%B8%A5%E0%B8%A7%E0%B8%87%E0%B8%9E%E0%B9%88%E0%B8%AD%E0%B9%80%E0%B8%87%E0%B8%B4%E0%B8%99-%E0%B8%82%E0%B8%99%E0%B8%B2%E0%B8%94%E0%B8%AA%E0%B8%B9%E0%B8%87-6-%E0%B8%99%E0%B8%B4%E0%B9%89%E0%B8%A7-%E0%B8%AB%E0%B8%99%E0%B9%89%E0%B8%B2%E0%B8%95%E0%B8%B1%E0%B8%81%E0%B8%81%E0%B8%A7%E0%B9%89%E0%B8%B2%E0%B8%87-12-%E0%B8%99%E0%B8%B4%E0%B9%89%E0%B8%A7,หลวงพ่อเงิน ขนาดสูง 6 นิ้ว หน้าตักกว้าง 12 นิ้ว - ศิลาเพชร | ศิลาแลงแท้จากเหมืองกำแพงเพชร : Inspired by LnwShop.com (v2),120,หลวงพ่อเงิน ขนาดสูง 6 นิ้ว หน้าตักกว้าง 12 นิ้ว | ศิลาเพชร,58,หลวงพ่อเงิน ขนาดสูง 6 นิ้ว หน้าตักกว้าง 12 นิ้ว,47,,หลวงพ่อเงิน ศิลาแลงอัด สูง 6 นิ้ว หน้าตักกว้าง 12 นิ้ว หลวงพ่อเงิน วัดบางคลาน พิมพ์ฐานกว้าง หน้าตัก 12 นิ้วแต่สูงเพียง 6 นิ้ว,125,
https://www.silalang.com/product/53/%E0%B8%9E%E0%B8%A3%E0%B8%B0%E0%B9%80%E0%B8%A8%E0%B8%A3%E0%B8%A9%E0%B8%90%E0%B8%B5%E0%B8%99%E0%B8%A7%E0%B9%82%E0%B8%81%E0%B8%8E%E0%B8%B4-%E0%B8%82%E0%B8%99%E0%B8%B2%E0%B8%94%E0%B8%AA%E0%B8%B9%E0%B8%87-6-%E0%B8%99%E0%B8%B4%E0%B9%89%E0%B8%A7-%E0%B8%AB%E0%B8%99%E0%B9%89%E0%B8%B2%E0%B8%95%E0%B8%B1%E0%B8%81%E0%B8%81%E0%B8%A7%E0%B9%89%E0%B8%B2%E0%B8%87-5-%E0%B8%99%E0%B8%B4%E0%B9%89%E0%B8%A7-%E0%B9%80%E0%B8%99%E0%B8%B7%E0%B9%89%E0%B8%AD%E0%B8%99%E0%B8%B4%E0%B8%A5,พระเศรษฐีนวโกฎิ ขนาดสูง 6 นิ้ว หน้าตักกว้าง 5 นิ้ว เนื้อนิล - ศิลาเพชร | ศิลาแลงแท้จากเหมืองกำแพงเพชร : Inspired by LnwShop.com (v2),132,พระเศรษฐีนวโกฎิ ขนาดสูง 6 นิ้ว หน้าตักกว้าง 5 | ศิลาเพชร,56,พระเศรษฐีนวโกฎิ ขนาดสูง 6 นิ้ว หน้าตักกว้าง 5 นิ้ว เนื้อนิล,59,,พระเศรษฐีนวโกฏิ ศิลาแลงอัด เนื้อนิล สูง 6 นิ้ว หน้าตักกว้าง 5 นิ้ว พระเศรษฐีนวโกฏิ คือการรวมมหาเศรษฐีทั้ง 9 ท่านในสมัยพุทธกาลไว้ในองค์เดียว,139,
https://www.silalang.com/product/54/%E0%B8%9E%E0%B8%A3%E0%B8%B0%E0%B8%AA%E0%B8%B4%E0%B8%A7%E0%B8%A5%E0%B8%B5-%E0%B8%82%E0%B8%99%E0%B8%B2%E0%B8%94%E0%B8%AA%E0%B8%B9%E0%B8%87-8-%E0%B8%99%E0%B8%B4%E0%B9%89%E0%B8%A7-%E0%B8%AB%E0%B8%99%E0%B9%89%E0%B8%B2%E0%B8%95%E0%B8%B1%E0%B8%81%E0%B8%81%E0%B8%A7%E0%B9%89%E0%B8%B2%E0%B8%87-3-%E0%B8%99%E0%B8%B4%E0%B9%89%E0%B8%A7-%E0%B9%80%E0%B8%99%E0%B8%B7%E0%B9%89%E0%B8%AD%E0%B8%99%E0%B8%B4%E0%B8%A5,พระสิวลี ขนาดสูง 8 นิ้ว หน้าตักกว้าง 3 นิ้ว เนื้อนิล - ศิลาเพชร | ศิลาแลงแท้จากเหมืองกำแพงเพชร : Inspired by LnwShop.com (v2),125,พระสิวลี ขนาดสูง 8 นิ้ว หน้าตักกว้าง 3 นิ้ว | ศิลาเพชร,54,พระสิวลี ขนาดสูง 8 นิ้ว หน้าตักกว้าง 3 นิ้ว เนื้อนิล,52,,พระสิวลี ศิลาแลงอัด เนื้อนิล สูง 8 นิ้ว หน้าตักกว้าง 3 นิ้ว พระสิวลี พระอรหันต์ผู้เลิศทางลาภสักการะ อยู่ในท่ายืนอุ้มบาตรและถือร่ม,129,
https://www.silalang.com/product/55/%E0%B8%9E%E0%B8%A3%E0%B8%B0%E0%B8%9E%E0%B8%B8%E0%B8%97%E0%B8%98%E0%B8%8A%E0%B8%B4%E0%B8%99%E0%B8%A3%E0%B8%B2%E0%B8%8A-%E0%B8%82%E0%B8%99%E0%B8%B2%E0%B8%94%E0%B8%AA%E0%B8%B9%E0%B8%87-11-%E0%B8%99%E0%B8%B4%E0%B9%89%E0%B8%A7-%E0%B8%AB%E0%B8%99%E0%B9%89%E0%B8%B2%E0%B8%95%E0%B8%B1%E0%B8%81%E0%B8%81%E0%B8%A7%E0%B9%89%E0%B8%B2%E0%B8%87-8-%E0%B8%99%E0%B8%B4%E0%B9%89%E0%B8%A7,พระพุทธชินราช ขนาดสูง 11 นิ้ว หน้าตักกว้าง 8 นิ้ว - ศิลาเพชร | ศิลาแลงแท้จากเหมืองกำแพงเพชร : Inspired by LnwShop.com (v2),122,พระพุทธชินราช ขนาดสูง 11 นิ้ว หน้าตักกว้าง 8 นิ้ว | ศิลาเพชร,60,พระพุทธชินราช ขนาดสูง 11 นิ้ว หน้าตักกว้าง 8 นิ้ว,49,,พระพุทธชินราช ศิลาแลงอัด สูง 11 นิ้ว หน้าตักกว้าง 8 นิ้ว พระพุทธชินราชจำลอง ต้นแบบคือพระประธานวัดพระศรีรัตนมหาธาตุ พิษณุโลก,123,
https://www.silalang.com/product/56/%E0%B8%AB%E0%B8%A5%E0%B8%A7%E0%B8%87%E0%B8%9E%E0%B9%88%E0%B8%AD%E0%B9%82%E0%B8%AA%E0%B8%98%E0%B8%A3-%E0%B8%82%E0%B8%99%E0%B8%B2%E0%B8%94%E0%B8%AA%E0%B8%B9%E0%B8%87-9-%E0%B8%99%E0%B8%B4%E0%B9%89%E0%B8%A7-%E0%B8%AB%E0%B8%99%E0%B9%89%E0%B8%B2%E0%B8%95%E0%B8%B1%E0%B8%81%E0%B8%81%E0%B8%A7%E0%B9%89%E0%B8%B2%E0%B8%87-7-%E0%B8%99%E0%B8%B4%E0%B9%89%E0%B8%A7,หลวงพ่อโสธร ขนาดสูง 9 นิ้ว หน้าตักกว้าง 7 นิ้ว - ศิลาเพชร | ศิลาแลงแท้จากเหมืองกำแพงเพชร : Inspired by LnwShop.com (v2),119,หลวงพ่อโสธร ขนาดสูง 9 นิ้ว หน้าตักกว้าง 7 นิ้ว | ศิลาเพชร,57,หลวงพ่อโสธร ขนาดสูง 9 นิ้ว หน้าตักกว้าง 7 นิ้ว,46,,หลวงพ่อโสธร ศิลาแลงอัด สูง 9 นิ้ว หน้าตักกว้าง 7 นิ้ว หลวงพ่อพระพุทธโสธรจำลอง ต้นแบบอยู่ที่วัดโสธรวรารามวรวิหาร ฉะเชิงเทรา,122,
https://www.silalang.com/product/57/%E0%B8%9E%E0%B8%A3%E0%B8%B0%E0%B8%A3%E0%B8%B2%E0%B8%AB%E0%B8%B9-%E0%B8%82%E0%B8%99%E0%B8%B2%E0%B8%94%E0%B8%AA%E0%B8%B9%E0%B8%87-12-%E0%B8%99%E0%B8%B4%E0%B9%89%E0%B8%A7-%E0%B8%AB%E0%B8%99%E0%B9%89%E0%B8%B2%E0%B8%95%E0%B8%B1%E0%B8%81%E0%B8%81%E0%B8%A7%E0%B9%89%E0%B8%B2%E0%B8%87-10-%E0%B8%99%E0%B8%B4%E0%B9%89%E0%B8%A7,พระราหู ขนาดสูง 12 นิ้ว หน้าตักกว้าง 10 นิ้ว - ศิลาเพชร | ศิลาแลงแท้จากเหมืองกำแพงเพชร : Inspired by LnwShop.com (v2),117,พระราหู ขนาดสูง 12 นิ้ว หน้าตักกว้าง 10 นิ้ว | ศิลาเพชร,55,พระราหู ขนาดสูง 12 นิ้ว หน้าตักกว้าง 10 นิ้ว,44,,พระราหู ศิลาแลงอัด สูง 12 นิ้ว หน้าตักกว้าง 10 นิ้ว พระราหู เทพแห่งการเปลี่ยนแปลงครั้งใหญ่ ตามความเชื่อคนนิยมบูชาเมื่อดวงตกหรือช่วงราหูทับลัคน์,143,
https://www.silalang.com/product/58/%E0%B8%A3%E0%B8%B1%E0%B8%8A%E0%B8%81%E0%B8%B2%E0%B8%A5%E0%B8%97%E0%B8%B5%E0%B9%88-5-%E0%B8%82%E0%B8%99%E0%B8%B2%E0%B8%94%E0%B8%AA%E0%B8%B9%E0%B8%87-30-%E0%B8%99%E0%B8%B4%E0%B9%89%E0%B8%A7-%E0%B8%AB%E0%B8%99%E0%B9%89%E0%B8%B2%E0%B8%95%E0%B8%B1%E0%B8%81%E0%B8%81%E0%B8%A7%E0%B9%89%E0%B8%B2%E0%B8%87-5-%E0%B8%99%E0%B8%B4%E0%B9%89%E0%B8%A7,รัชกาลที่ 5 ขนาดสูง 30 นิ้ว หน้าตักกว้าง 5 นิ้ว - ศิลาเพชร | ศิลาแลงแท้จากเหมืองกำแพงเพชร : Inspired by LnwShop.com (v2),120,รัชกาลที่ 5 ขนาดสูง 30 นิ้ว หน้าตักกว้าง 5 นิ้ว | ศิลาเพชร,58,รัชกาลที่ 5 ขนาดสูง 30 นิ้ว หน้าตักกว้าง 5 นิ้ว,47,ซ้ำกับหน้าอื่น,พระบรมรูปรัชกาลที่ 5 ศิลาแลงอัด องค์ใหญ่ สูง 30 นิ้ว พระบรมรูปรัชกาลที่ 5 องค์ใหญ่ สูง 30 นิ้ว หรือประมาณ 76 เซนติเมตร,118,
https://www.silalang.com/product/59/%E0%B8%A3%E0%B8%B1%E0%B8%8A%E0%B8%81%E0%B8%B2%E0%B8%A5%E0%B8%97%E0%B8%B5%E0%B9%88-5-%E0%B8%82%E0%B8%99%E0%B8%B2%E0%B8%94%E0%B8%AA%E0%B8%B9%E0%B8%87-30-%E0%B8%99%E0%B8%B4%E0%B9%89%E0%B8%A7-%E0%B8%AB%E0%B8%99%E0%B9%89%E0%B8%B2%E0%B8%95%E0%B8%B1%E0%B8%81%E0%B8%81%E0%B8%A7%E0%B9%89%E0%B8%B2%E0%B8%87-5-%E0%B8%99%E0%B8%B4%E0%B9%89%E0%B8%A7-2,รัชกาลที่ 5 ขนาดสูง 30 นิ้ว หน้าตักกว้าง 5 นิ้ว - ศิลาเพชร | ศิลาแลงแท้จากเหมืองกำแพงเพชร : Inspired by LnwShop.com (v2),120,รัชกาลที่ 5 ขนาดสูง 30 นิ้ว หน้าตักกว้าง 5 นิ้ว | ศิลาเพชร,58,รัชกาลที่ 5 ขนาดสูง 30 นิ้ว หน้าตักกว้าง 5 นิ้ว,47,ซ้ำกับหน้าอื่น,พระบรมรูปรัชกาลที่ 5 ศิลาแลงอัด องค์ใหญ่ สูง 30 นิ้ว (พิมพ์ที่สอง) พระบรมรูปรัชกาลที่ 5 ขนาด 30 นิ้วอีกพิมพ์หนึ่ง ต่างจากองค์แรกที่ท่าประทับและรายละเอียดฉล,155,⚠️ สินค้าซ้ำ — ควรลบหน้านี้ทิ้ง ไม่ใช่เปลี่ยนชื่อ
https://www.silalang.com/product/6/%E0%B8%AB%E0%B8%B4%E0%B8%99%E0%B8%A8%E0%B8%B4%E0%B8%A5%E0%B8%B2%E0%B9%81%E0%B8%A5%E0%B8%87-%E0%B8%82%E0%B8%99%E0%B8%B2%E0%B8%9430x30%E0%B9%80%E0%B8%8B%E0%B8%99%E0%B8%95%E0%B8%B4%E0%B9%80%E0%B8%A1%E0%B8%95%E0%B8%A3,หินศิลาแลงเหลี่ยม ขนาด 30x30 ซม. - ศิลาเพชร | ศิลาแลงแท้จากเหมืองกำแพงเพชร : Inspired by LnwShop.com (v2),105,หินศิลาแลงเหลี่ยม ขนาด 30x30 ซม. | ศิลาเพชร,43,หินศิลาแลงแท้ ขนาด 30x30 ซม. นิยมใช้ปูทางเดินและลานจอดรถ สอบถาม 091-515-2222,76,,หินศิลาแลงเหลี่ยม ขนาด 30 × 30 ซม. ศิลาแลงแท้จากเหมืองศิลาเพชร กำแพงเพชร ผิวพรุนสีน้ำตาลส้มธรรมชาติ ราคา 90 บาทต่อก้อน · ใช้ประมาณ 11.1 ก้อนต่อตารางเมตร,152,
https://www.silalang.com/product/61/%E0%B9%80%E0%B8%AB%E0%B8%A1%E0%B8%B7%E0%B8%AD%E0%B8%87-%E0%B8%A8%E0%B8%B4%E0%B8%A5%E0%B8%B2%E0%B9%81%E0%B8%A5%E0%B8%87-%E0%B8%82%E0%B8%AD%E0%B8%87%E0%B9%80%E0%B8%A3%E0%B8%B2%E0%B9%80%E0%B8%AD%E0%B8%87-%E0%B8%84%E0%B8%A3%E0%B8%B1%E0%B8%9A,เหมือง ศิลาแลง ของเราเอง ครับ - ศิลาเพชร | ศิลาแลงแท้จากเหมืองกำแพงเพชร : Inspired by LnwShop.com (v2),102,เหมือง ศิลาแลง ของเราเอง ครับ | ศิลาเพชร,40,ซื้อ จากแหล่งผลิตโดยตรง ราคาถูก มี คุณภาพ คัดสรร ได้ ตามชอบใจ ไม่ผ่าน นายหน้าใดๆ อยู่ที่ อ. พรานกระต่าย จ. กำแพงเพชร (เหมืองศิลาเพชร) ของเราเองครับ,147,,เหมืองศิลาแลงศิลาเพชร — เหมืองของเราเองที่กำแพงเพชร หน้านี้ไม่ใช่สินค้าที่สั่งซื้อได้ แต่เป็นหน้าแนะนำเหมืองของเรา ศิลาเพชรเป็นเจ้าของเหมืองศิลาแลงเอง,150,
https://www.silalang.com/product/7/%E0%B8%AB%E0%B8%B4%E0%B8%99%E0%B8%A8%E0%B8%B4%E0%B8%A5%E0%B8%B2%E0%B9%81%E0%B8%A5%E0%B8%87-%E0%B8%82%E0%B8%99%E0%B8%B2%E0%B8%9450x50%E0%B9%80%E0%B8%8B%E0%B8%99%E0%B8%95%E0%B8%B4%E0%B9%80%E0%B8%A1%E0%B8%95%E0%B8%A3,หินศิลาแลงเหลี่ยม ขนาด 50x50 ซม. - ศิลาเพชร | ศิลาแลงแท้จากเหมืองกำแพงเพชร : Inspired by LnwShop.com (v2),105,หินศิลาแลงเหลี่ยม ขนาด 50x50 ซม. | ศิลาเพชร,43,หินศิลาแลงแท้ ขนาด 50x50 ซม. แผ่นใหญ่สำหรับทางเดินและลานกว้าง สอบถาม 091-515-2222,81,,หินศิลาแลงเหลี่ยม ขนาด 50 × 50 ซม. ศิลาแลงแท้จากเหมืองศิลาเพชร กำแพงเพชร ผิวพรุนสีน้ำตาลส้มธรรมชาติ เป็นขนาดใหญ่ที่สุดที่มีจำหน่าย ราคา 350 บาทต่อก้อน,150,
https://www.silalang.com/product/8/%E0%B8%AB%E0%B8%B4%E0%B8%99%E0%B8%A8%E0%B8%B4%E0%B8%A5%E0%B8%B2%E0%B9%81%E0%B8%A5%E0%B8%87-%E0%B8%82%E0%B8%99%E0%B8%B2%E0%B8%9440x40%E0%B9%80%E0%B8%8B%E0%B8%99%E0%B8%95%E0%B8%B4%E0%B9%80%E0%B8%A1%E0%B8%95%E0%B8%A3,หินศิลาแลงเหลี่ยม ขนาด 40x40 ซม. - ศิลาเพชร | ศิลาแลงแท้จากเหมืองกำแพงเพชร : Inspired by LnwShop.com (v2),105,หินศิลาแลงเหลี่ยม ขนาด 40x40 ซม. | ศิลาเพชร,43,หินศิลาแลงแท้ ขนาด 40x40 ซม. สำหรับปูทางเดินและงานภูมิทัศน์ สอบถาม 091-515-2222,79,,หินศิลาแลงเหลี่ยม ขนาด 40 × 40 ซม. ศิลาแลงแท้จากเหมืองศิลาเพชร กำแพงเพชร ผิวพรุนสีน้ำตาลส้มธรรมชาติ ราคา 120 บาทต่อก้อน · ใช้ประมาณ 6.25 ก้อนต่อตารางเมตร,153,
https://www.silalang.com/product/9/%E0%B8%AB%E0%B8%B4%E0%B8%99%E0%B8%A8%E0%B8%B4%E0%B8%A5%E0%B8%B2%E0%B9%81%E0%B8%A5%E0%B8%87%E0%B8%81%E0%B8%A5%E0%B8%A1-%E0%B8%82%E0%B8%99%E0%B8%B2%E0%B8%94%E0%B9%80%E0%B8%AA%E0%B9%89%E0%B8%99%E0%B8%9C%E0%B9%88%E0%B8%B2%E0%B8%99%E0%B8%A8%E0%B8%B9%E0%B8%99%E0%B8%A2%E0%B9%8C%E0%B8%81%E0%B8%A5%E0%B8%B2%E0%B8%8730%E0%B9%80%E0%B8%8B%E0%B8%99%E0%B8%95%E0%B8%B4%E0%B9%80%E0%B8%A1%E0%B8%95%E0%B8%A3,หินศิลาแลงกลม เส้นผ่านศูนย์กลาง 30 ซม. - ศิลาเพชร | ศิลาแลงแท้จากเหมืองกำแพงเพชร : Inspired by LnwShop.com (v2),111,หินศิลาแลงกลม เส้นผ่านศูนย์กลาง 30 ซม. | ศิลาเพชร,49,หินศิลาแลงทรงกลม เส้นผ่านศูนย์กลาง 30 ซม. สำหรับทำทางเดินในสวน สอบถาม 091-515-2222,82,,หินศิลาแลงกลม เส้นผ่านศูนย์กลาง 30 ซม. ตัดเป็นทรงกลมจากก้อนศิลาแลงแท้ ผิวพรุนสีน้ำตาลส้มธรรมชาติ ราคา 200 บาทต่อก้อน — เป็นขนาดเล็กที่สุดในกลุ่มทรงกลม,150,
https://www.silalang.com/showroom/new,สินค้ามาใหม่ - ศิลาเพชร | ศิลาแลงแท้จากเหมืองกำแพงเพชร : Inspired by LnwShop.com (v2),85,สินค้ามาใหม่ | ศิลาเพชร,23,ศิลาแลงแท้จากเหมืองศิลาเพชร กำแพงเพชร ตัดตามขนาด ทั้งเหลี่ยม กลม และประติมากรรม ส่งทั่วไทย โทร 091-515-2222 LINE ging6946,121,ซ้ำกับหน้าอื่น,ผลงานล่าสุด — ผลงานจริงที่ใช้ศิลาแลงจากเหมืองศิลาเพชร กำแพงเพชร ดูรูปหน้างานจริงก่อนตัดสินใจ,92,
https://www.silalang.com/showroom/recommend,สินค้าแนะนำ - ศิลาเพชร | ศิลาแลงแท้จากเหมืองกำแพงเพชร : Inspired by LnwShop.com (v2),84,สินค้าแนะนำ | ศิลาเพชร,22,ศิลาแลงแท้จากเหมืองศิลาเพชร กำแพงเพชร ตัดตามขนาด ทั้งเหลี่ยม กลม และประติมากรรม ส่งทั่วไทย โทร 091-515-2222 LINE ging6946,121,ซ้ำกับหน้าอื่น,ผลงานแนะนำ — ผลงานจริงที่ใช้ศิลาแลงจากเหมืองศิลาเพชร กำแพงเพชร ดูรูปหน้างานจริงก่อนตัดสินใจ,91,
https://www.silalang.com/webboard,เว็บบอร์ด - ศิลาเพชร | ศิลาแลงแท้จากเหมืองกำแพงเพชร : Inspired by LnwShop.com (v2),82,เว็บบอร์ด | ศิลาเพชร,20,| ศิลาแลงแท้จากเหมืองศิลาเพชร กำแพงเพชร ตัดตามขนาด ทั้งเหลี่ยม กลม และประติมากรรม ส่งทั่วไทย โทร 091-515-2222 LINE ging6946,123,ซ้ำกับหน้าอื่น,กระดานถามตอบเรื่องศิลาแลง ราคา ขนาด การจัดส่ง และการติดตั้ง ตอบโดยทีมงานเหมืองศิลาเพชร กำแพงเพชร,96,
https://www.silalang.com/webboard/viewtopic/1,ความรู้เกี่ยวกับ หินศิลาแลง - ศิลาเพชร | ศิลาแลงแท้จากเหมืองกำแพงเพชร : Inspired by LnwShop.com (v2),100,ความรู้เกี่ยวกับ หินศิลาแลง | ศิลาเพชร,38,ศิลาแลงแท้จากเหมืองศิลาเพชร กำแพงเพชร ตัดตามขนาด ทั้งเหลี่ยม กลม และประติมากรรม ส่งทั่วไทย โทร 091-515-2222 LINE ging6946,121,ซ้ำกับหน้าอื่น,ความรู้เกี่ยวกับ หินศิลาแลง — คำถามและคำตอบเรื่องศิลาแลง ตอบโดยทีมงานเหมืองศิลาเพชร กำแพงเพชร,93,
https://www.silalang.com/webboard/viewtopic/3,วิธีการเพิ่มคอนเวอร์ชั่นสำหรับคำหลักอินทรีย์ - ศิลาเพชร | ศิลาแลงแท้จากเหมืองกำแพงเพชร : Inspired by LnwShop.com (v2),117,วิธีการเพิ่มคอนเวอร์ชั่นสำหรับคำหลักอินทรีย์ | ศิลาเพชร,55,ศิลาแลงแท้จากเหมืองศิลาเพชร กำแพงเพชร ตัดตามขนาด ทั้งเหลี่ยม กลม และประติมากรรม ส่งทั่วไทย โทร 091-515-2222 LINE ging6946,121,ซ้ำกับหน้าอื่น,วิธีการเพิ่มคอนเวอร์ชั่นสำหรับคำหลักอินทรีย์ — คำถามและคำตอบเรื่องศิลาแลง ตอบโดยทีมงานเหมืองศิลาเพชร กำแพงเพชร,110,
https://www.silalang.com/webboard/viewtopic/4,"ข่าวรถเชื่อมต่อ: Hagerty, BMW, Greenlots, ANSYS นิสสัน เชื่อมต่อ TE, BlackBerry คโท - ศิลาเพชร | ศิลาแลงแท้จากเหมืองกำแพงเพชร : Inspired by LnwShop.com (v2)",156,"ข่าวรถเชื่อมต่อ: Hagerty, BMW, Greenlots, ANSYS | ศิลาเพชร",58,ศิลาแลงแท้จากเหมืองศิลาเพชร กำแพงเพชร ตัดตามขนาด ทั้งเหลี่ยม กลม และประติมากรรม ส่งทั่วไทย โทร 091-515-2222 LINE ging6946,121,ซ้ำกับหน้าอื่น,"ข่าวรถเชื่อมต่อ: Hagerty, BMW, Greenlots, ANSYS นิสสัน เชื่อมต่อ TE, BlackBerry คโท — คำถามและคำตอบเรื่องศิลาแลง ตอบโดยทีมงานเหมืองศิลาเพชร กำแพงเพชร",149,
https://www.silalang.com/webboard/viewtopic/5,ขออนุญาตประชาสัมพันธ์ - ศิลาเพชร | ศิลาแลงแท้จากเหมืองกำแพงเพชร : Inspired by LnwShop.com (v2),94,ขออนุญาตประชาสัมพันธ์ | ศิลาเพชร,32,ศิลาแลงแท้จากเหมืองศิลาเพชร กำแพงเพชร ตัดตามขนาด ทั้งเหลี่ยม กลม และประติมากรรม ส่งทั่วไทย โทร 091-515-2222 LINE ging6946,121,ซ้ำกับหน้าอื่น,ขออนุญาตประชาสัมพันธ์ — คำถามและคำตอบเรื่องศิลาแลง ตอบโดยทีมงานเหมืองศิลาเพชร กำแพงเพชร,87,
https://www.silalang.com/webboard/viewtopic/6,บริการดีรวดเร็วทันใจ - ศิลาเพชร | ศิลาแลงแท้จากเหมืองกำแพงเพชร : Inspired by LnwShop.com (v2),93,บริการดีรวดเร็วทันใจ | ศิลาเพชร,31,ศิลาแลงแท้จากเหมืองศิลาเพชร กำแพงเพชร ตัดตามขนาด ทั้งเหลี่ยม กลม และประติมากรรม ส่งทั่วไทย โทร 091-515-2222 LINE ging6946,121,ซ้ำกับหน้าอื่น,บริการดีรวดเร็วทันใจ — คำถามและคำตอบเรื่องศิลาแลง ตอบโดยทีมงานเหมืองศิลาเพชร กำแพงเพชร,86,
https://www.silalang.com/webboard/viewtopic/7,งานดีบริการเด่น - ศิลาเพชร | ศิลาแลงแท้จากเหมืองกำแพงเพชร : Inspired by LnwShop.com (v2),88,งานดีบริการเด่น | ศิลาเพชร,26,ศิลาแลงแท้จากเหมืองศิลาเพชร กำแพงเพชร ตัดตามขนาด ทั้งเหลี่ยม กลม และประติมากรรม ส่งทั่วไทย โทร 091-515-2222 LINE ging6946,121,ซ้ำกับหน้าอื่น,งานดีบริการเด่น — คำถามและคำตอบเรื่องศิลาแลง ตอบโดยทีมงานเหมืองศิลาเพชร กำแพงเพชร,81,
https://www.silalang.com/webboard/viewtopic/8,สินค้าออนไลน์ - ศิลาเพชร | ศิลาแลงแท้จากเหมืองกำแพงเพชร : Inspired by LnwShop.com (v2),86,สินค้าออนไลน์ | ศิลาเพชร,24,ศิลาแลงแท้จากเหมืองศิลาเพชร กำแพงเพชร ตัดตามขนาด ทั้งเหลี่ยม กลม และประติมากรรม ส่งทั่วไทย โทร 091-515-2222 LINE ging6946,121,ซ้ำกับหน้าอื่น,สินค้าออนไลน์ — คำถามและคำตอบเรื่องศิลาแลง ตอบโดยทีมงานเหมืองศิลาเพชร กำแพงเพชร,79,
