หน้า,URL,Title ปัจจุบัน,ปัญหา,Title ใหม่ (แนะนำ),Description ปัจจุบัน,Description ใหม่ (แนะนำ)
ตั้งค่าร้าน (ส่วนต่อท้าย title),ทุกหน้า,": Inspired by LnwShop.com (v2)","ต่อท้ายทุกหน้า ทำให้ title หมวดหมู่ยาว 90-111 ตัวอักษร Google แสดงได้ราว 60","ศิลาเพชร","-","-"
หน้าแรก,/,"ศิลาเพชร | ศิลาแลงแท้จากเหมืองกำแพงเพชร","ดีแล้ว เก็บไว้","ศิลาเพชร | ศิลาแลงแท้จากเหมืองกำแพงเพชร","ศิลาแลงแท้จากเหมืองศิลาเพชร กำแพงเพชร ตัดตามขนาด ทั้งเหลี่ยม กลม และประติมากรรม ส่งทั่วไทย โทร 091-515-2222 LINE ging6946","ศิลาแลงแท้จากเหมืองของเราเองที่กำแพงเพชร ตัดสดทุกวัน มีเหลี่ยม กลม ประติมากรรม และพระบูชาศิลาแลงอัด ส่งทั่วประเทศ ไม่ผ่านคนกลาง โทร 091-515-2222"
ศิลาแลงเหลี่ยม,/category/2/,"ศิลาแลงเหลี่ยม หินศิลาแลงแท้จากเหมือง","ดีแล้ว","ศิลาแลงเหลี่ยม ครบทุกขนาด ราคาจากเหมือง","หินศิลาแลงแบบเหลี่ยมครบทุกขนาด ตัดจากเหมืองของเราเอง","ศิลาแลงเหลี่ยมครบทุกขนาด สำหรับก่อกำแพงรั้ว ปูพื้น ปูลานวัด และกรุผนัง ตัดสดจากเหมืองของเราเองที่กำแพงเพชร สั่งขนาดพิเศษได้ โทร 091-515-2222"
ศิลาแลงกลม,/category/3/,"ศิลาแลงกลม หินศิลาแลงทรงกลม","ดีแล้ว","ศิลาแลงกลม หลายขนาด สำหรับงานตกแต่ง","หินศิลาแลงทรงกลม หลายขนาดเส้นผ่านศูนย์กลาง เหมาะกับงานตกแต่ง","ศิลาแลงทรงกลม เส้นผ่านศูนย์กลาง 40 และ 50 ซม. สำหรับจัดสวน ปูทางเดิน และงานตกแต่งภูมิทัศน์ ตัดจากเหมืองเอง โทร 091-515-2222"
ประติมากรรมศิลาแลง,/category/4/,"ประติมากรรมศิลาแลง งานแกะสลัก","ดีแล้ว","ประติมากรรมศิลาแลง ลูกนิมิต ธรรมจักร","งานประติมากรรมศิลาแลง เช่น ลูกนิมิต ธรรมจักร แกะสลัก","งานประติมากรรมศิลาแลงแกะสลักตามแบบ ลูกนิมิต ธรรมจักร และงานสำหรับวัดและศาสนสถาน แกะจากก้อนศิลาแลงแท้จากเหมืองเรา ส่งแบบมาประเมินได้ โทร 091-515-2222"
พระบูชาศิลาแลงอัด,/category/5/,"พระบูชาศิลาแลงอัด","หมวดใหญ่ที่สุด 39 ชิ้น แต่ description ขึ้นต้นด้วย URL ดิบ อ่านไม่รู้เรื่อง","พระบูชาศิลาแลงอัด หลายปาง หลายขนาด","https://www.silalang.com/ ขายส่งหินศิลาแลงราคายุติธรรมจากแห่งผลิต... — ขึ้นต้นด้วย URL ดิบ","พระบูชาศิลาแลงอัด หลายปางหลายขนาด ทั้งพระประธาน พระบูชาตั้งโต๊ะ และองค์ฤาษี ผลิตจากศิลาแลงแท้ รับสั่งทำตามแบบ สอบถาม 091-515-2222"
เหมืองศิลาเพชร,/category/7/,"เหมืองศิลาแลง กำแพงเพชร | ศิลาเพชร","ดีมาก เป็นหน้าที่บอกจุดต่างของธุรกิจ","เหมืองศิลาแลง กำแพงเพชร | ศิลาเพชร","เหมืองศิลาแลงของเราเองที่กำแพงเพชร ตัดสดทุกวัน ส่งทั่วประเทศ","เหมืองศิลาแลงของเราเองที่กำแพงเพชร ตัดสดทุกวัน คุมคุณภาพก้อนตั้งแต่หน้าเหมือง ซื้อตรงไม่ผ่านคนกลาง สั่งตัดขนาดพิเศษได้ โทร 091-515-2222"
หญ้าเทียม,/category/15/,"หญ้าเทียม ราคาถูกที่สุดในโลก","*** คำโฆษณาพิสูจน์ไม่ได้ เสี่ยงผิด พ.ร.บ. คุ้มครองผู้บริโภค และอยู่ใน URL ถาวร — ดู claims-review.md ***","หญ้าเทียม ขน 10-30 มม. ราคาส่ง","(เป็นข้อความเรื่องศิลาแลง ไม่เกี่ยวกับหญ้าเทียมเลย)","หญ้าเทียมความสูงขน 10, 20, 25 และ 30 มม. ราคาต่อตารางเมตร ตัดตามขนาด ทนแดดทนฝน ส่งทั่วประเทศ สอบถาม 091-515-2222"
หินอ่อน หินแกรนิต ปูพื้นวัด,/category/16/,"หินอ่อน หินแกรนิต ปูพื้นวัด","ดีแล้ว ตรงกลุ่มเป้าหมาย","หินอ่อน หินแกรนิต ปูพื้นวัด และศาสนสถาน","หินอ่อน คืออะไร? หินอ่อนเป็นวัสดุธรรมชาติที่มีคุณค่า... — ขึ้นต้นแบบสารานุกรม ไม่ใช่คำอธิบายสินค้า","หินอ่อนและหินแกรนิตสำหรับปูพื้นวัด โบสถ์ วิหาร และศาสนสถาน เลือกผิวกันลื่นสำหรับลานกลางแจ้ง ตัดตามขนาด ปรึกษาฟรี โทร 091-515-2222"
